"","SPEC","min_adult","estimate","conf.low","conf.high","n","COMMONNAME","Species1_BirdLife","Species2_eBird","Species3_BirdTree","phylo","sex.sel.m","sex.sel.f"
"1","BHGR",3,-0.0077706648632057,-0.00997845830452093,-0.00595360936414663,867,"Black-headed Grosbeak","Pheucticus melanocephalus","Pheucticus melanocephalus","Pheucticus melanocephalus","Pheucticus_melanocephalus",0,0
"2","BUSH",5,-0.0227862612851694,-0.0281115404854685,-0.0182923029140465,499,"Bushtit","Psaltriparus minimus","Psaltriparus minimus","Psaltriparus minimus","Psaltriparus_minimus",3,3
"3","HEWA",1,-0.0677144609270607,-0.102847400944042,-0.0430003582696844,438,"Hermit Warbler","Setophaga occidentalis","Setophaga occidentalis","Dendroica occidentalis","Dendroica_occidentalis",0,0
"4","HOWR",4,-0.0197389539176536,-0.0232377509562277,-0.0167489621836318,1128,"House Wren","Troglodytes aedon","Troglodytes aedon","Troglodytes aedon","Troglodytes_aedon",2,0
"5","LAZB",8,-0.00535314574812004,-0.00712379260673326,-0.00398728995726308,434,"Lazuli Bunting","Passerina amoena","Passerina amoena","Passerina amoena","Passerina_amoena",1,0
"6","MGWA",4,-0.00986956471398361,-0.0123410756485324,-0.00773735333575173,1476,"MacGillivray's Warbler","Geothlypis tolmiei","Geothlypis tolmiei","Oporornis tolmiei","Oporornis_tolmiei",0,0
"7","NAWA",4,-0.0548112314823067,-0.0758510472110577,-0.0387774702041555,519,"Nashville Warbler","Leiothlypis ruficapilla","Leiothlypis ruficapilla","Vermivora ruficapilla","Vermivora_ruficapilla",0,0
"8","OCWA",6,-0.00729552107437328,-0.00898233008061201,-0.00587228948981999,762,"Orange-crowned Warbler","Leiothlypis celata","Leiothlypis celata","Vermivora celata","Vermivora_celata",0,0
"9","ORJU",5,-0.0213970940166726,-0.0266597946467801,-0.0170737850586147,1321,"Oregon Junco","Junco hyemalis","Junco hyemalis","Junco hyemalis","Junco_hyemalis",1,0
"10","PUFI",10,-0.00306028160072399,-0.004098373149947,-0.00230570455241346,614,"Purple Finch","Haemorhous purpureus","Haemorhous purpureus","Carpodacus purpureus","Carpodacus_purpureus",0,0
"11","RBSA",4,-0.0322663157063153,-0.0372688132233038,-0.0276457175334802,565,"Red-breasted Sapsucker","Sphyrapicus ruber","Sphyrapicus ruber","Sphyrapicus ruber","Sphyrapicus_ruber",0,0
"12","SOSP",5,-0.0137706739498758,-0.0154143533048613,-0.0122999606247012,2689,"Song Sparrow","Melospiza melodia","Melospiza melodia","Melospiza melodia","Melospiza_melodia",2,0
"13","SPTO",2,-0.0344138405856981,-0.043249189754844,-0.0268629504557538,848,"Spotted Towhee","Pipilo maculatus","Pipilo maculatus","Pipilo maculatus",NA,NA,NA
"14","WAVI",2,-0.00089843572653759,-0.00125419435243964,-0.000628371343018075,682,"Warbling Vireo","Vireo gilvus","Vireo gilvus","Vireo gilvus","Vireo_gilvus",0,0
"15","WEFL",0,-0.011408868773965,-0.0160199554967247,-0.0078223405295948,874,"Western Flycatcher","Empidonax difficilis","Empidonax difficilis","Empidonax difficilis","Empidonax_difficilis",1,0
"16","WETA",8,-0.00420152327884036,-0.00552218447797509,-0.00314374130923013,532,"Western Tanager","Piranga ludoviciana","Piranga ludoviciana","Piranga ludoviciana","Piranga_ludoviciana",0,0
"17","WIWA",3,-0.00171390584614335,-0.00213528540299919,-0.00135182969285291,1153,"Wilson's Warbler","Cardellina pusilla","Cardellina pusilla","Wilsonia pusilla","Wilsonia_pusilla",2,0
"18","WREN",4,-0.029044632743862,-0.0374423842284259,-0.0224235551409024,547,"Wrentit","Chamaea fasciata","Chamaea fasciata","Chamaea fasciata","Chamaea_fasciata",0,0
"19","AMRO",3,-0.0107606096134393,-0.0123039916998539,-0.00939589847429026,2341,"American Robin","Turdus migratorius","Turdus migratorius","Turdus migratorius","Turdus_migratorius",0,0
"20","AUWA",7,-0.0172949651258399,-0.0218204487426852,-0.0132055955954428,799,"Audubon's Warbler","Setophaga coronata","Setophaga coronata","Dendroica coronata","Dendroica_coronata",0,0
"21","BUOR",7,-0.0132066486721703,-0.0172534432302696,-0.00998890773408803,390,"Bullock's Oriole","Icterus bullockiorum","Icterus bullockii","Icterus bullockii",NA,NA,NA
"22","CBCH",3,-0.0567979568352884,-0.0728486478814802,-0.0432448212208928,564,"Chestnut-backed Chickadee","Poecile rufescens","Poecile rufescens","Parus rufescens","Parus_rufescens",0,0
"23","DOWO",1,-0.130190957692643,-0.152553235791852,-0.109837481093316,1580,"Downy Woodpecker","Dryobates pubescens","Dryobates pubescens","Picoides pubescens","Picoides_pubescens",0,0
"24","HOFI",9,-0.0118878223267557,-0.016197511355689,-0.00800134612550446,376,"House Finch","Haemorhous mexicanus","Haemorhous mexicanus","Carpodacus mexicanus","Carpodacus_mexicanus",0,1
"25","SWTH",8,-0.000724649086214051,-0.000867988585897507,-0.000603551726190515,1238,"Swainson's Thrush","Catharus ustulatus","Catharus ustulatus","Catharus ustulatus","Catharus_ustulatus",0,0
"26","BRCR",2,-0.0824329157769152,-0.105424673496992,-0.061644784558659,472,"Brown Creeper","Certhia americana","Certhia americana","Certhia americana","Certhia_americana",0,0
"27","DUFL",8,-0.00414295029819425,-0.00529221576625608,-0.00317193926215958,499,"Dusky Flycatcher","Empidonax oberholseri","Empidonax oberholseri","Empidonax oberholseri","Empidonax_oberholseri",0,2
"28","GCKI",3,-0.0853837461653079,-0.123476151454405,-0.0581132356264117,452,"Golden-crowned Kinglet","Regulus satrapa","Regulus satrapa","Regulus satrapa","Regulus_satrapa",0,0
"29","HAFL",0,-0.0556469726397834,-0.0885303157123123,-0.0330111971088674,372,"Hammond's Flycatcher","Empidonax hammondii","Empidonax hammondii","Empidonax hammondii","Empidonax_hammondii",0,0
"30","HETH",2,-0.0206904093020657,-0.0254393212671427,-0.0164818686472569,639,"Hermit Thrush","Catharus guttatus","Catharus guttatus","Catharus guttatus","Catharus_guttatus",0,0
"31","LISP",7,-0.0169471295870629,-0.0202002930044215,-0.0139507411575799,695,"Lincoln's Sparrow","Melospiza lincolnii","Melospiza lincolnii","Melospiza lincolnii","Melospiza_lincolnii",0,0
"32","MOCH",2,-0.039384496441172,-0.0491569655186289,-0.0308578362936236,575,"Mountain Chickadee","Poecile gambeli","Poecile gambeli","Parus gambeli","Parus_gambeli",0,0
"33","RBNU",2,-0.092288423088787,-0.121526001643567,-0.0676599993969663,396,"Red-breasted Nuthatch","Sitta canadensis","Sitta canadensis","Sitta canadensis","Sitta_canadensis",0,0
"34","WEWP",0,-0.0244083018233718,-0.0363653411572633,-0.0155720687654289,412,"Western Wood-Pewee","Contopus sordidulus","Contopus sordidulus","Contopus sordidulus","Contopus_sordidulus",1,0
"35","YEWA",10,-0.00138438833200624,-0.00160098038761872,-0.00118759131308183,1518,"Yellow Warbler","Setophaga petechia","Setophaga petechia","Dendroica petechia","Dendroica_petechia",1,0
"36","LEGO",13,-0.00765120031667843,-0.0114491958340853,-0.0044586880802356,372,"Lesser Goldfinch","Spinus psaltria","Spinus psaltria","Carduelis psaltria","Carduelis_psaltria",0,0
"37","YBCH",9,-0.0016791519292409,-0.00199342046051657,-0.0014032944376612,753,"Yellow-breasted Chat","Icteria virens","Icteria virens","Icteria virens","Icteria_virens",2,0
"38","BCCH",1,-0.0589349533648771,-0.0707050023184639,-0.0485198215613687,1642,"Black-capped Chickadee","Poecile atricapillus","Poecile atricapillus","Parus atricapillus","Parus_atricapillus",1,1
"39","GRCA",12,-0.00439107306062851,-0.00514883906987578,-0.00373795359288109,1367,"Gray Catbird","Dumetella carolinensis","Dumetella carolinensis","Dumetella carolinensis","Dumetella_carolinensis",1,0
"40","AMRE",7,-0.0086544948791924,-0.0112421941177425,-0.00657017283441496,634,"American Redstart","Setophaga ruticilla","Setophaga ruticilla","Setophaga ruticilla","Setophaga_ruticilla",2,0
"41","CHSP",5,-0.0147651821081266,-0.0189978622399695,-0.0113707544908,450,"Chipping Sparrow","Spizella passerina","Spizella passerina","Spizella passerina","Spizella_passerina",1,0
"42","COYE",6,-0.00417732166254639,-0.00470566654174134,-0.00369656984550478,1885,"Common Yellowthroat","Geothlypis trichas","Geothlypis trichas","Geothlypis trichas","Geothlypis_trichas",1,0
"43","REVI",3,-0.00711912916889857,-0.00940292847850595,-0.00513066555267223,438,"Red-eyed Vireo","Vireo olivaceus","Vireo olivaceus","Vireo olivaceus","Vireo_olivaceus",0,0
"44","VEER",2,-0.00765696593230022,-0.00983552246574569,-0.00575790865666642,611,"Veery","Catharus fuscescens","Catharus fuscescens","Catharus fuscescens","Catharus_fuscescens",3,3
"45","BEWR",3,-0.0622704504402777,-0.0738156115968841,-0.052647048791655,828,"Bewick's Wren","Thryomanes bewickii","Thryomanes bewickii","Thryomanes bewickii","Thryomanes_bewickii",2,0
"46","NOCA",5,-0.0117582796256625,-0.0133587858019258,-0.0102664105798772,1902,"Northern Cardinal","Cardinalis cardinalis","Cardinalis cardinalis","Cardinalis cardinalis","Cardinalis_cardinalis",0,0
"47","BAWW",3,-0.048640536954459,-0.0573863174583986,-0.0406551437356356,576,"Black-and-white Warbler","Mniotilta varia","Mniotilta varia","Mniotilta varia","Mniotilta_varia",0,0
"48","OVEN",2,-0.0226222385285268,-0.0274153147514514,-0.0184246447537671,1271,"Ovenbird","Seiurus aurocapilla","Seiurus aurocapilla","Seiurus aurocapilla","Seiurus_aurocapilla",1,1
"49","BWWA",7,-0.0139466769202185,-0.0175464505911406,-0.010758879636984,353,"Blue-winged Warbler","Vermivora cyanoptera","Vermivora cyanoptera","Vermivora pinus","Vermivora_pinus",0,0
"50","EATO",3,-0.0255468761898286,-0.030668547973026,-0.0208516734704109,471,"Eastern Towhee","Pipilo erythrophthalmus","Pipilo erythrophthalmus","Pipilo erythrophthalmus","Pipilo_erythrophthalmus",1,0
"51","FISP",8,-0.0097514968161547,-0.0123819790426955,-0.00750679188645462,467,"Field Sparrow","Spizella pusilla","Spizella pusilla","Spizella pusilla","Spizella_pusilla",1,0
"52","INBU",8,-0.00333359803152493,-0.00407826461690042,-0.00260924627727398,692,"Indigo Bunting","Passerina cyanea","Passerina cyanea","Passerina cyanea","Passerina_cyanea",2,0
"53","TUTI",2,-0.0800081792232541,-0.0905104908351369,-0.0699265872513618,1307,"Tufted Titmouse","Baeolophus bicolor","Baeolophus bicolor","Baeolophus bicolor","Baeolophus_bicolor",0,0
"54","WOTH",3,-0.00724092045564322,-0.0082544836503744,-0.0063022928783058,1198,"Wood Thrush","Hylocichla mustelina","Hylocichla mustelina","Hylocichla mustelina",NA,NA,NA
"55","CARW",0,-0.0268529586907292,-0.0333880327020534,-0.0208667001161734,1373,"Carolina Wren","Thryothorus ludovicianus","Thryothorus ludovicianus","Thryothorus ludovicianus","Thryothorus_ludovicianus",1,0
"56","KEWA",6,-0.0191015948377356,-0.0222205121169826,-0.0162619987616111,730,"Kentucky Warbler","Geothlypis formosa","Geothlypis formosa","Oporornis formosus","Oporornis_formosus",1,0
"57","LOWA",3,-0.0756295540366297,-0.0952865141240482,-0.0590596993806474,405,"Louisiana Waterthrush","Parkesia motacilla","Parkesia motacilla","Seiurus motacilla","Seiurus_motacilla",1,1
"58","ACFL",0,-0.00817410084851495,-0.0118088910127267,-0.0054454267751228,488,"Acadian Flycatcher","Empidonax virescens","Empidonax virescens","Empidonax virescens","Empidonax_virescens",1,0
"59","CACH",2,-0.0399403392975954,-0.0475128841988669,-0.0332927715788573,922,"Carolina Chickadee","Poecile carolinensis","Poecile carolinensis","Parus carolinensis","Parus_carolinensis",0,0
"60","WEVI",8,-0.00649165561410351,-0.00792631020647643,-0.00527469799374415,884,"White-eyed Vireo","Vireo griseus","Vireo griseus","Vireo griseus","Vireo_griseus",0,0
"61","PABU",19,-0.00321704757705886,-0.00440668936756651,-0.00178104349373843,400,"Painted Bunting","Passerina ciris","Passerina ciris","Passerina ciris","Passerina_ciris",2,0
"62","HOWA",7,-0.00678822441237212,-0.00908653977845036,-0.00512030153926192,475,"Hooded Warbler","Setophaga citrina","Setophaga citrina","Wilsonia citrina","Wilsonia_citrina",1,0
