"","SPEC","Parameter","Estimate","Est.Error","l-95% CI","u-95% CI","Rhat","Bulk_ESS","Tail_ESS"
"1","ACFL","Intercept",-0.5272,0.1111,-0.7485,-0.309,0.9999,5379,7210
"2","ACFL","hu_Intercept",0.3195,0.2044,-0.0875,0.7137,1.0002,8113,7810
"3","ACFL","Adult",-0.1072,0.015,-0.1395,-0.0803,1,3579,5027
"4","ACFL","hu_Adult",-0.0562,0.0247,-0.1038,-0.0061,1.0002,7781,7809
"5","ACFL","STA_sd(Intercept)",0.3154,0.1354,0.0376,0.5829,1.0014,3163,3180
"6","ACFL","STA_sd(Ad",0.0403,0.0147,0.0132,0.0711,1.0016,2170,2376
"7","ACFL","STA_sd(hu_Intercept)",0.3153,0.2421,0.0129,0.9095,1,4776,6584
"8","ACFL","STA_sd(hu_Ad",0.0576,0.0327,0.0058,0.1363,1.0004,2685,3947
"9","ACFL","STA_cor(Intercept,Ad",-0.6681,0.3394,-0.9704,0.4024,1.0007,2854,2783
"10","ACFL","STA_cor(hu_Intercept,hu_Ad",-0.4106,0.5494,-0.9882,0.862,1.0005,2918,5216
"11","ACFL","year_sd(Intercept)",0.0477,0.0369,0.002,0.1382,1.0007,6834,6754
"12","ACFL","year_sd(hu_Intercept)",0.1844,0.1314,0.0076,0.4864,1.0001,6078,6567
"13","ACFL","sigma",0.5677,0.0289,0.5132,0.6275,1.0008,6084,7341
"14","AMRE","Intercept",-0.1519,0.1513,-0.4483,0.1403,1.0003,5755,6827
"15","AMRE","hu_Intercept",0.6261,0.2149,0.2104,1.0547,1.0004,7371,7649
"16","AMRE","Adult",-0.1033,0.0169,-0.1386,-0.0722,0.9999,5408,6970
"17","AMRE","hu_Adult",-0.2442,0.0462,-0.3459,-0.1648,1.0015,4756,6610
"18","AMRE","STA_sd(Intercept)",0.809,0.1237,0.5905,1.0726,1.0016,5563,7028
"19","AMRE","STA_sd(Ad",0.0738,0.0141,0.0492,0.1047,1.0005,4049,6223
"20","AMRE","STA_sd(hu_Intercept)",0.6397,0.2825,0.0879,1.2142,1.0004,3981,4031
"21","AMRE","STA_sd(hu_Ad",0.1073,0.0515,0.0137,0.2151,1.0029,2448,4029
"22","AMRE","STA_cor(Intercept,Ad",-0.5666,0.1456,-0.7944,-0.2336,1.0008,4307,5970
"23","AMRE","STA_cor(hu_Intercept,hu_Ad",0.0925,0.4844,-0.7466,0.9439,1.0005,3139,5552
"24","AMRE","year_sd(Intercept)",0.0726,0.0495,0.0033,0.1836,1.0005,5382,6427
"25","AMRE","year_sd(hu_Intercept)",0.1439,0.109,0.0058,0.4051,1.0004,6241,6334
"26","AMRE","sigma",0.6713,0.0267,0.6221,0.7262,1.0006,7490,7496
"27","AMRO","Intercept",0.017,0.066,-0.1132,0.1454,0.9999,6659,7374
"28","AMRO","hu_Intercept",0.3556,0.1189,0.1178,0.5856,0.9999,7629,7846
"29","AMRO","Adult",-0.1348,0.0099,-0.1548,-0.1164,1,5185,6770
"30","AMRO","hu_Adult",-0.2184,0.0232,-0.266,-0.1751,1.0004,5545,7061
"31","AMRO","STA_sd(Intercept)",0.5828,0.057,0.4765,0.6992,1.0007,5831,7071
"32","AMRO","STA_sd(Ad",0.0737,0.0088,0.0576,0.0923,1.0006,2491,4974
"33","AMRO","STA_sd(hu_Intercept)",0.693,0.1477,0.4105,0.9873,1.0004,5121,6624
"34","AMRO","STA_sd(hu_Ad",0.0934,0.0284,0.0411,0.1521,1.0015,2028,4520
"35","AMRO","STA_cor(Intercept,Ad",-0.6148,0.0905,-0.7655,-0.4121,1.001,3169,4874
"36","AMRO","STA_cor(hu_Intercept,hu_Ad",0.1299,0.3934,-0.5262,0.9103,1.0014,2315,3550
"37","AMRO","year_sd(Intercept)",0.0428,0.0274,0.0021,0.1027,1.0007,5392,5893
"38","AMRO","year_sd(hu_Intercept)",0.135,0.0783,0.008,0.2973,1.0001,5149,5724
"39","AMRO","sigma",0.6988,0.0141,0.6716,0.7271,1.0004,8321,7813
"40","AUWA","Intercept",-0.0568,0.1185,-0.2926,0.1749,1.0001,7448,7517
"41","AUWA","hu_Intercept",0.0325,0.1962,-0.3592,0.4166,1.0003,7374,7351
"42","AUWA","Adult",-0.0721,0.0137,-0.1011,-0.0464,0.9998,5460,7165
"43","AUWA","hu_Adult",-0.1583,0.0277,-0.2154,-0.1068,1,6864,7537
"44","AUWA","STA_sd(Intercept)",0.4081,0.1334,0.152,0.6701,1.0004,4346,4467
"45","AUWA","STA_sd(Ad",0.047,0.0137,0.0227,0.0756,1.0005,2842,4800
"46","AUWA","STA_sd(hu_Intercept)",0.3747,0.2233,0.024,0.848,1.0005,4964,5240
"47","AUWA","STA_sd(hu_Ad",0.0765,0.0341,0.0104,0.1474,1.0009,2356,3737
"48","AUWA","STA_cor(Intercept,Ad",0.0838,0.395,-0.5621,0.8947,1.0002,2412,3628
"49","AUWA","STA_cor(hu_Intercept,hu_Ad",-0.0184,0.5255,-0.8745,0.9368,1.0003,2343,4061
"50","AUWA","year_sd(Intercept)",0.227,0.0673,0.1012,0.3652,1.0003,5361,5524
"51","AUWA","year_sd(hu_Intercept)",0.4035,0.1535,0.1013,0.7255,1.0002,4935,4675
"52","AUWA","sigma",0.9266,0.03,0.8698,0.9886,1.0003,7394,7490
"53","BAWW","Intercept",0.4119,0.077,0.2644,0.5669,1.0003,6699,7279
"54","BAWW","hu_Intercept",0.4036,0.2097,-0.0144,0.8095,1.0005,6502,7507
"55","BAWW","Adult",-0.2493,0.0303,-0.3157,-0.1963,1.001,3730,6494
"56","BAWW","hu_Adult",-0.4248,0.1011,-0.6435,-0.2478,1.0002,5069,6787
"57","BAWW","STA_sd(Intercept)",0.1947,0.1089,0.0114,0.4149,1.0004,2838,4070
"58","BAWW","STA_sd(Ad",0.0959,0.0325,0.0416,0.1658,1.0015,2224,3448
"59","BAWW","STA_sd(hu_Intercept)",0.5597,0.2992,0.0405,1.165,1.0007,3479,4898
"60","BAWW","STA_sd(hu_Ad",0.3254,0.1131,0.125,0.571,1.0016,2689,4073
"61","BAWW","STA_cor(Intercept,Ad",-0.6444,0.408,-0.9893,0.5985,1.0028,1773,1920
"62","BAWW","STA_cor(hu_Intercept,hu_Ad",-0.1975,0.4634,-0.8702,0.834,1.0022,1889,2958
"63","BAWW","year_sd(Intercept)",0.0538,0.0394,0.0022,0.1445,1.0003,6172,6182
"64","BAWW","year_sd(hu_Intercept)",0.1531,0.1107,0.0064,0.4135,1.0002,6281,6056
"65","BAWW","sigma",0.593,0.0251,0.5461,0.6441,1.0007,6733,7613
"66","BCCH","Intercept",0.9404,0.0672,0.8114,1.0727,1.0001,7724,7675
"67","BCCH","hu_Intercept",-0.418,0.2246,-0.8692,0.0136,1,7273,7499
"68","BCCH","Adult",-0.2254,0.0152,-0.2569,-0.1965,1.0002,6384,7398
"69","BCCH","hu_Adult",-0.393,0.0634,-0.5272,-0.2755,1.0002,6545,7500
"70","BCCH","STA_sd(Intercept)",0.4077,0.0575,0.2987,0.528,1.0007,5714,6083
"71","BCCH","STA_sd(Ad",0.0923,0.0148,0.0647,0.1233,1.0013,2970,4253
"72","BCCH","STA_sd(hu_Intercept)",1.3731,0.2019,1.001,1.7928,1,5550,6785
"73","BCCH","STA_sd(hu_Ad",0.3349,0.0593,0.229,0.4601,1.0012,4540,6488
"74","BCCH","STA_cor(Intercept,Ad",-0.1276,0.2236,-0.4997,0.3792,1.0012,2764,3465
"75","BCCH","STA_cor(hu_Intercept,hu_Ad",-0.7109,0.1094,-0.8792,-0.4578,1.0006,5823,6748
"76","BCCH","year_sd(Intercept)",0.1647,0.0367,0.1009,0.2428,1.0001,5676,6725
"77","BCCH","year_sd(hu_Intercept)",0.4393,0.1191,0.2308,0.6969,1,5388,6185
"78","BCCH","sigma",0.6975,0.0155,0.668,0.7291,1.001,7545,7725
"79","BEWR","Intercept",0.8875,0.084,0.7219,1.0554,1.0003,7079,7797
"80","BEWR","hu_Intercept",0.0968,0.3075,-0.5251,0.6867,0.9999,5651,7086
"81","BEWR","Adult",-0.1513,0.0156,-0.1837,-0.123,1.0002,6510,7414
"82","BEWR","hu_Adult",-0.9997,0.2096,-1.4603,-0.6406,0.9999,5124,6177
"83","BEWR","STA_sd(Intercept)",0.3982,0.078,0.2583,0.5634,1.0004,6611,7633
"84","BEWR","STA_sd(Ad",0.0545,0.0158,0.0265,0.0882,1.0002,3204,6007
"85","BEWR","STA_sd(hu_Intercept)",1.0181,0.3043,0.4448,1.6429,1.0009,4675,4909
"86","BEWR","STA_sd(hu_Ad",0.8477,0.2073,0.5141,1.3188,1.0001,3755,6080
"87","BEWR","STA_cor(Intercept,Ad",0.4803,0.3291,-0.1979,0.9723,1.0003,3288,5687
"88","BEWR","STA_cor(hu_Intercept,hu_Ad",-0.7058,0.1648,-0.9385,-0.3234,1.0004,3550,4623
"89","BEWR","year_sd(Intercept)",0.0963,0.0495,0.0087,0.1973,1.0002,5071,6672
"90","BEWR","year_sd(hu_Intercept)",0.3315,0.1797,0.0265,0.7107,1.0001,6020,7117
"91","BEWR","sigma",0.7056,0.0211,0.6654,0.7485,0.9998,7814,7507
"92","BHGR","Intercept",-0.035,0.1261,-0.2858,0.2098,1.0004,6263,7005
"93","BHGR","hu_Intercept",0.1957,0.2072,-0.2063,0.5993,0.9999,7239,6876
"94","BHGR","Adult",-0.1233,0.0149,-0.1545,-0.0958,1.0009,5722,6942
"95","BHGR","hu_Adult",-0.1606,0.0337,-0.2324,-0.0996,1,4869,7050
"96","BHGR","STA_sd(Intercept)",0.6679,0.1032,0.4837,0.8885,1.0001,5740,6970
"97","BHGR","STA_sd(Ad",0.0666,0.0128,0.0444,0.0947,1.0004,3632,5338
"98","BHGR","STA_sd(hu_Intercept)",0.7824,0.2415,0.3144,1.2786,1.0008,4548,5037
"99","BHGR","STA_sd(hu_Ad",0.1006,0.0417,0.0173,0.1842,1.0014,2127,2269
"100","BHGR","STA_cor(Intercept,Ad",-0.4689,0.1612,-0.7344,-0.1078,1.0007,4721,6415
"101","BHGR","STA_cor(hu_Intercept,hu_Ad",-0.3075,0.4018,-0.8407,0.716,1.001,3854,3609
"102","BHGR","year_sd(Intercept)",0.2176,0.0568,0.1159,0.3428,1,5515,6976
"103","BHGR","year_sd(hu_Intercept)",0.2392,0.14,0.0142,0.5349,1.0004,4703,5672
"104","BHGR","sigma",0.6947,0.0239,0.6504,0.7447,1.0006,7672,7809
"105","BRCR","Intercept",0.857,0.1123,0.6346,1.0732,1.0005,5293,6691
"106","BRCR","hu_Intercept",0.3544,0.3118,-0.264,0.9567,1.0005,6287,7036
"107","BRCR","Adult",-0.3105,0.0397,-0.3926,-0.2365,1.0012,5268,6854
"108","BRCR","hu_Adult",-0.6315,0.148,-0.9605,-0.3775,1.0003,5839,6497
"109","BRCR","STA_sd(Intercept)",0.2697,0.0948,0.0963,0.4737,1.0004,5694,5891
"110","BRCR","STA_sd(Ad",0.0933,0.034,0.0346,0.1685,1.0017,3545,5183
"111","BRCR","STA_sd(hu_Intercept)",0.8054,0.3231,0.1736,1.4822,1.0008,4827,2823
"112","BRCR","STA_sd(hu_Ad",0.3263,0.1944,0.0212,0.7474,1.0014,2193,4152
"113","BRCR","STA_cor(Intercept,Ad",0.5386,0.3516,-0.2714,0.9871,1.0004,3672,6357
"114","BRCR","STA_cor(hu_Intercept,hu_Ad",0.0258,0.5002,-0.8116,0.9348,1.0007,3954,5688
"115","BRCR","year_sd(Intercept)",0.1871,0.074,0.0393,0.3411,1,4742,4093
"116","BRCR","year_sd(hu_Intercept)",0.68,0.1964,0.3363,1.1062,1.0003,6056,6301
"117","BRCR","sigma",0.6539,0.0296,0.6,0.7156,1.0003,7052,7635
"118","BUOR","Intercept",0.0127,0.1605,-0.2989,0.3313,1.0013,6099,7165
"119","BUOR","hu_Intercept",0.6847,0.2367,0.2281,1.1546,1.0001,6900,7820
"120","BUOR","Adult",-0.1142,0.0195,-0.1549,-0.0781,1.0002,6365,6773
"121","BUOR","hu_Adult",-0.2374,0.0503,-0.3447,-0.1461,1.0003,6656,6774
"122","BUOR","STA_sd(Intercept)",0.6568,0.1411,0.4247,0.9791,1,5612,6749
"123","BUOR","STA_sd(Ad",0.0674,0.0176,0.0377,0.1063,1.0005,4584,6332
"124","BUOR","STA_sd(hu_Intercept)",0.4316,0.2534,0.0323,0.9989,1.0003,4856,5836
"125","BUOR","STA_sd(hu_Ad",0.1266,0.0539,0.0281,0.2442,1.0018,3133,3786
"126","BUOR","STA_cor(Intercept,Ad",-0.7841,0.1457,-0.9629,-0.4064,1.0002,5718,6359
"127","BUOR","STA_cor(hu_Intercept,hu_Ad",0.0858,0.5117,-0.8275,0.9497,1.0022,2832,3644
"128","BUOR","year_sd(Intercept)",0.0617,0.0477,0.0025,0.175,1.0002,7091,6230
"129","BUOR","year_sd(hu_Intercept)",0.289,0.1873,0.0145,0.6925,1.0002,5543,6115
"130","BUOR","sigma",0.7368,0.0383,0.6658,0.8172,1.0001,7003,7466
"131","BUSH","Intercept",0.7275,0.1033,0.5286,0.9312,0.9998,7597,7636
"132","BUSH","hu_Intercept",0.728,0.2209,0.3038,1.1864,0.9999,7033,6791
"133","BUSH","Adult",-0.0891,0.0174,-0.126,-0.058,0.9999,6620,7092
"134","BUSH","hu_Adult",-0.7686,0.1638,-1.1314,-0.4903,0.9999,6085,6130
"135","BUSH","STA_sd(Intercept)",0.3523,0.1118,0.1348,0.5817,1.0003,5190,5845
"136","BUSH","STA_sd(Ad",0.0496,0.0155,0.0244,0.0846,1,4943,7132
"137","BUSH","STA_sd(hu_Intercept)",0.331,0.2284,0.0152,0.8474,1.0003,5319,6751
"138","BUSH","STA_sd(hu_Ad",0.6005,0.1849,0.315,1.0228,1.0008,4003,5696
"139","BUSH","STA_cor(Intercept,Ad",0.0034,0.398,-0.6596,0.8467,1.0002,4625,5087
"140","BUSH","STA_cor(hu_Intercept,hu_Ad",-0.4026,0.461,-0.9706,0.7761,1.0047,1639,2262
"141","BUSH","year_sd(Intercept)",0.1167,0.0732,0.0069,0.2765,1.0006,5114,6490
"142","BUSH","year_sd(hu_Intercept)",0.3342,0.1993,0.0192,0.7607,1.0008,5284,5710
"143","BUSH","sigma",0.8183,0.0354,0.7525,0.891,1,8179,7875
"144","BWWA","Intercept",-0.1573,0.1657,-0.4899,0.1668,1.0002,6647,7407
"145","BWWA","hu_Intercept",0.8361,0.2748,0.315,1.3989,0.9999,7635,7536
"146","BWWA","Adult",-0.1314,0.0256,-0.1855,-0.0853,0.9997,6340,7287
"147","BWWA","hu_Adult",-0.2959,0.0594,-0.4243,-0.1911,1.0004,7002,6470
"148","BWWA","STA_sd(Intercept)",0.5221,0.1606,0.2254,0.8639,1.0002,4428,3555
"149","BWWA","STA_sd(Ad",0.0755,0.0221,0.0381,0.1246,1.0002,4775,5209
"150","BWWA","STA_sd(hu_Intercept)",0.5185,0.3501,0.0232,1.3452,1.0002,4549,5646
"151","BWWA","STA_sd(hu_Ad",0.1181,0.0728,0.0081,0.2839,1.0002,3001,5286
"152","BWWA","STA_cor(Intercept,Ad",-0.8153,0.1759,-0.9844,-0.3382,1.0003,4770,4414
"153","BWWA","STA_cor(hu_Intercept,hu_Ad",-0.342,0.5361,-0.9725,0.8815,1.0004,4221,6019
"154","BWWA","year_sd(Intercept)",0.1141,0.073,0.0057,0.2754,1.0006,5282,6333
"155","BWWA","year_sd(hu_Intercept)",0.202,0.1521,0.0076,0.5674,1.0005,6403,7014
"156","BWWA","sigma",0.7019,0.039,0.6311,0.7845,1.0001,6509,7166
"157","CACH","Intercept",0.7213,0.0768,0.5666,0.8718,1.0003,7217,7491
"158","CACH","hu_Intercept",0.5252,0.1814,0.1673,0.8834,1.0008,6724,7320
"159","CACH","Adult",-0.3049,0.0255,-0.3571,-0.2574,1.0008,6281,6480
"160","CACH","hu_Adult",-0.54,0.0908,-0.7292,-0.3711,1.0001,4765,6982
"161","CACH","STA_sd(Intercept)",0.2283,0.0899,0.032,0.3927,1.0004,3820,3766
"162","CACH","STA_sd(Ad",0.1022,0.0223,0.0633,0.1515,1.0019,3306,5433
"163","CACH","STA_sd(hu_Intercept)",0.4106,0.2293,0.0288,0.8636,1.0007,4376,6155
"164","CACH","STA_sd(hu_Ad",0.3259,0.0934,0.1507,0.5202,1.0005,2722,4807
"165","CACH","STA_cor(Intercept,Ad",-0.4085,0.3451,-0.8257,0.5661,1.0023,2418,2494
"166","CACH","STA_cor(hu_Intercept,hu_Ad",-0.0654,0.4505,-0.7716,0.8781,1.0012,1879,2909
"167","CACH","year_sd(Intercept)",0.2057,0.049,0.1214,0.3129,1.0001,6609,7456
"168","CACH","year_sd(hu_Intercept)",0.4434,0.129,0.2181,0.7269,1.0001,5998,6784
"169","CACH","sigma",0.6507,0.0226,0.6084,0.6965,1.0004,7878,7314
"170","CARW","Intercept",0.7485,0.0771,0.5909,0.8994,1.0002,7063,6904
"171","CARW","hu_Intercept",-0.6932,0.2195,-1.1353,-0.2719,0.9999,6544,7117
"172","CARW","Adult",-0.1943,0.0162,-0.2269,-0.1638,1,5193,6639
"173","CARW","hu_Adult",-0.2507,0.0566,-0.3699,-0.1481,1.0016,4604,6039
"174","CARW","STA_sd(Intercept)",0.4579,0.0685,0.3289,0.5999,1.0001,5015,6540
"175","CARW","STA_sd(Ad",0.1097,0.0133,0.0859,0.138,1.0008,3113,4941
"176","CARW","STA_sd(hu_Intercept)",0.9074,0.2354,0.4234,1.3671,1.0004,3586,3074
"177","CARW","STA_sd(hu_Ad",0.2785,0.0675,0.1552,0.4213,1.0032,2259,4095
"178","CARW","STA_cor(Intercept,Ad",-0.6551,0.1033,-0.8217,-0.4193,1.0003,3018,4844
"179","CARW","STA_cor(hu_Intercept,hu_Ad",-0.3979,0.2547,-0.7509,0.2503,1.0009,2230,2985
"180","CARW","year_sd(Intercept)",0.1749,0.0366,0.1127,0.256,1.0009,5840,7356
"181","CARW","year_sd(hu_Intercept)",0.5855,0.1426,0.3475,0.9073,1.0001,6401,7490
"182","CARW","sigma",0.6658,0.0162,0.6343,0.6986,0.9999,7859,7507
"183","CBCH","Intercept",0.9445,0.1374,0.6708,1.2115,1,7108,7692
"184","CBCH","hu_Intercept",-0.1371,0.301,-0.7615,0.4204,1.0006,6775,6198
"185","CBCH","Adult",-0.1716,0.0309,-0.2339,-0.1125,1.0002,6984,7087
"186","CBCH","hu_Adult",-0.399,0.1193,-0.6652,-0.1954,1.0008,5640,5901
"187","CBCH","STA_sd(Intercept)",0.6104,0.1243,0.3917,0.8783,0.9999,6108,7336
"188","CBCH","STA_sd(Ad",0.1195,0.0264,0.0746,0.1784,1.0003,4659,6270
"189","CBCH","STA_sd(hu_Intercept)",0.8403,0.3343,0.2184,1.5375,1,5071,4674
"190","CBCH","STA_sd(hu_Ad",0.3727,0.1418,0.1404,0.6923,1.0016,3599,4390
"191","CBCH","STA_cor(Intercept,Ad",-0.4787,0.212,-0.7923,0.0196,1.0002,4990,6309
"192","CBCH","STA_cor(hu_Intercept,hu_Ad",0.1559,0.426,-0.5963,0.9361,1.001,3135,3775
"193","CBCH","year_sd(Intercept)",0.1495,0.0724,0.0138,0.2954,0.9999,4471,4897
"194","CBCH","year_sd(hu_Intercept)",0.4432,0.2006,0.0574,0.8542,1.0004,4649,4812
"195","CBCH","sigma",0.7453,0.0292,0.6911,0.8039,1,7867,7455
"196","CHSP","Intercept",0.1079,0.1459,-0.1873,0.3891,1.0001,6388,7238
"197","CHSP","hu_Intercept",0.9106,0.1975,0.5272,1.3039,1.0001,7489,7682
"198","CHSP","Adult",-0.1682,0.0318,-0.2349,-0.1109,1.0003,5454,6606
"199","CHSP","hu_Adult",-0.3597,0.0742,-0.5195,-0.2265,1.0008,5842,6778
"200","CHSP","STA_sd(Intercept)",0.4906,0.1343,0.2513,0.7807,1.0005,4352,5685
"201","CHSP","STA_sd(Ad",0.1083,0.0272,0.0633,0.1708,1.001,3928,5636
"202","CHSP","STA_sd(hu_Intercept)",0.2865,0.2123,0.0129,0.8014,1.0003,5627,6224
"203","CHSP","STA_sd(hu_Ad",0.2251,0.0812,0.0841,0.4078,1.004,2293,4494
"204","CHSP","STA_cor(Intercept,Ad",-0.8753,0.1221,-0.9932,-0.5642,1.0009,4041,4992
"205","CHSP","STA_cor(hu_Intercept,hu_Ad",-0.1028,0.5384,-0.9384,0.9248,1.0055,1560,3439
"206","CHSP","year_sd(Intercept)",0.1645,0.078,0.0174,0.3218,1,4324,4661
"207","CHSP","year_sd(hu_Intercept)",0.1509,0.1131,0.0057,0.4238,1.0005,6849,6547
"208","CHSP","sigma",0.7133,0.0368,0.6462,0.7884,0.9998,6789,7628
"209","COYE","Intercept",-0.2492,0.0666,-0.3826,-0.1209,1.0001,6427,7494
"210","COYE","hu_Intercept",0.1831,0.1489,-0.1126,0.4763,0.9999,7045,7406
"211","COYE","Adult",-0.0797,0.0081,-0.0964,-0.0645,1.0006,3818,5630
"212","COYE","hu_Adult",-0.2003,0.0231,-0.2481,-0.1579,1.0003,5217,6707
"213","COYE","STA_sd(Intercept)",0.4895,0.0584,0.3803,0.607,1.0006,5297,6539
"214","COYE","STA_sd(Ad",0.0556,0.0079,0.041,0.0719,1.0016,1904,4200
"215","COYE","STA_sd(hu_Intercept)",0.5956,0.1696,0.2687,0.9356,1.0017,5037,5108
"216","COYE","STA_sd(hu_Ad",0.0741,0.0235,0.0315,0.1235,1.0009,2750,4493
"217","COYE","STA_cor(Intercept,Ad",-0.5929,0.1052,-0.7606,-0.3532,1.001,2429,4660
"218","COYE","STA_cor(hu_Intercept,hu_Ad",0.2898,0.4131,-0.493,0.9647,1.0017,2817,4551
"219","COYE","year_sd(Intercept)",0.0407,0.0271,0.0021,0.1012,1.0001,6383,6684
"220","COYE","year_sd(hu_Intercept)",0.3122,0.1061,0.1007,0.5302,1.0007,5159,4422
"221","COYE","sigma",0.7035,0.0149,0.6754,0.7335,1.0001,7026,7801
"222","DOWO","Intercept",0.8689,0.0548,0.7607,0.9752,0.9999,7313,7217
"223","DOWO","hu_Intercept",-0.0708,0.1702,-0.4168,0.2633,1.0003,6312,6555
"224","DOWO","Adult",-0.3523,0.0202,-0.392,-0.3134,1.0007,5662,6966
"225","DOWO","hu_Adult",-0.5255,0.0985,-0.7344,-0.3486,1.0013,4396,6472
"226","DOWO","STA_sd(Intercept)",0.366,0.0433,0.2859,0.4578,1.0001,5965,7035
"227","DOWO","STA_sd(Ad",0.1091,0.0199,0.0718,0.1496,1.0003,3249,4734
"228","DOWO","STA_sd(hu_Intercept)",1.0352,0.1911,0.6732,1.4265,1.0005,5783,6446
"229","DOWO","STA_sd(hu_Ad",0.5175,0.116,0.3076,0.7611,1.0014,2527,4327
"230","DOWO","STA_cor(Intercept,Ad",-0.1002,0.2137,-0.4582,0.3681,1.0002,3411,4436
"231","DOWO","STA_cor(hu_Intercept,hu_Ad",-0.3602,0.1907,-0.6657,0.0776,1.0015,3960,5336
"232","DOWO","year_sd(Intercept)",0.0724,0.0332,0.0087,0.1405,1.0007,4768,4646
"233","DOWO","year_sd(hu_Intercept)",0.204,0.1129,0.0135,0.4426,1.0016,4493,5463
"234","DOWO","sigma",0.5712,0.0136,0.5452,0.5989,1.0004,7507,7137
"235","DUFL","Intercept",-0.391,0.1286,-0.655,-0.1463,1.0001,7463,7207
"236","DUFL","hu_Intercept",0.7026,0.2083,0.3009,1.1204,1.0002,7770,7831
"237","DUFL","Adult",-0.0886,0.0144,-0.1191,-0.0627,1.0002,6674,7339
"238","DUFL","hu_Adult",-0.1121,0.0255,-0.1668,-0.0669,1.0001,7260,7775
"239","DUFL","STA_sd(Intercept)",0.3905,0.1657,0.0564,0.7223,1.0006,3034,4103
"240","DUFL","STA_sd(Ad",0.0466,0.014,0.0228,0.0779,1.0017,3221,4012
"241","DUFL","STA_sd(hu_Intercept)",0.2121,0.1622,0.0087,0.6052,1.0003,7149,7221
"242","DUFL","STA_sd(hu_Ad",0.057,0.022,0.019,0.1067,1.0001,4626,4601
"243","DUFL","STA_cor(Intercept,Ad",-0.6943,0.2802,-0.9601,0.1911,1.0015,3239,2385
"244","DUFL","STA_cor(hu_Intercept,hu_Ad",-0.1269,0.5636,-0.957,0.9295,1.0006,3000,5190
"245","DUFL","year_sd(Intercept)",0.08,0.0566,0.0033,0.2114,1.0004,5515,6743
"246","DUFL","year_sd(hu_Intercept)",0.5174,0.1706,0.1919,0.8784,1,5009,5118
"247","DUFL","sigma",0.7145,0.0363,0.6474,0.7903,1.0005,6195,7156
"248","EATO","Intercept",0.3788,0.1047,0.1728,0.5849,1.0004,6620,7718
"249","EATO","hu_Intercept",0.702,0.2276,0.2618,1.1572,1.0005,8506,8069
"250","EATO","Adult",-0.2861,0.0364,-0.3618,-0.2207,1.0002,6718,7500
"251","EATO","hu_Adult",-0.3805,0.0716,-0.5267,-0.245,1.0002,8340,7708
"252","EATO","STA_sd(Intercept)",0.3652,0.091,0.194,0.5563,1.0002,6334,6656
"253","EATO","STA_sd(Ad",0.1231,0.0268,0.0794,0.1859,1.0003,6187,7019
"254","EATO","STA_sd(hu_Intercept)",0.2373,0.172,0.0098,0.6453,1.0002,7336,6378
"255","EATO","STA_sd(hu_Ad",0.1305,0.0874,0.0064,0.3319,1.0004,4012,5849
"256","EATO","STA_cor(Intercept,Ad",-0.9317,0.0691,-0.9976,-0.7505,1.0001,5806,6847
"257","EATO","STA_cor(hu_Intercept,hu_Ad",-0.1544,0.5715,-0.9665,0.929,1.0002,5377,6360
"258","EATO","year_sd(Intercept)",0.088,0.0547,0.0052,0.2069,1.0001,4853,6784
"259","EATO","year_sd(hu_Intercept)",0.6409,0.1935,0.2869,1.0609,1.0003,5369,6128
"260","EATO","sigma",0.5445,0.0262,0.4956,0.5989,1.0001,7935,7274
"261","FISP","Intercept",-0.2683,0.1633,-0.5853,0.0559,0.9999,6660,7878
"262","FISP","hu_Intercept",1.2211,0.2415,0.7562,1.7002,0.9997,8223,7914
"263","FISP","Adult",-0.1063,0.0218,-0.1516,-0.0654,1.0001,6488,6591
"264","FISP","hu_Adult",-0.3536,0.0629,-0.4879,-0.2424,1.0004,6248,6621
"265","FISP","STA_sd(Intercept)",0.6937,0.1319,0.4671,0.9864,1.0003,5680,6503
"266","FISP","STA_sd(Ad",0.0874,0.0184,0.0561,0.1291,1.0005,4818,6524
"267","FISP","STA_sd(hu_Intercept)",0.3256,0.2479,0.014,0.9262,1.0003,6216,7465
"268","FISP","STA_sd(hu_Ad",0.201,0.0603,0.1002,0.3385,1.0008,3709,5479
"269","FISP","STA_cor(Intercept,Ad",-0.814,0.11,-0.9585,-0.54,1.0003,5338,6640
"270","FISP","STA_cor(hu_Intercept,hu_Ad",-0.1662,0.5419,-0.9572,0.9095,1.0049,1399,3121
"271","FISP","year_sd(Intercept)",0.1228,0.0677,0.0087,0.2621,1.0003,5058,5729
"272","FISP","year_sd(hu_Intercept)",0.2523,0.1733,0.0105,0.6456,1.0002,6054,7046
"273","FISP","sigma",0.6752,0.0331,0.6133,0.7425,1,7527,7499
"274","GCKI","Intercept",1.1561,0.2068,0.7488,1.5634,1.0001,5871,6912
"275","GCKI","hu_Intercept",-0.1042,0.3064,-0.7224,0.4787,1.0006,5972,6782
"276","GCKI","Adult",-0.1838,0.0459,-0.2789,-0.0986,1,5903,6157
"277","GCKI","hu_Adult",-0.5327,0.1435,-0.8573,-0.3005,1.001,4850,5103
"278","GCKI","STA_sd(Intercept)",0.8584,0.1722,0.5757,1.2371,1,6414,7293
"279","GCKI","STA_sd(Ad",0.1276,0.0438,0.0494,0.221,1.0007,4249,4121
"280","GCKI","STA_sd(hu_Intercept)",0.6568,0.3007,0.0809,1.2808,1.0005,4949,4460
"281","GCKI","STA_sd(hu_Ad",0.2452,0.1668,0.0119,0.6358,1.0021,2842,4892
"282","GCKI","STA_cor(Intercept,Ad",-0.292,0.3212,-0.7684,0.4557,1.0006,5720,5658
"283","GCKI","STA_cor(hu_Intercept,hu_Ad",0.0489,0.5188,-0.877,0.947,1.0001,6222,6938
"284","GCKI","year_sd(Intercept)",0.114,0.0744,0.0056,0.2767,1.0015,5564,6458
"285","GCKI","year_sd(hu_Intercept)",0.3824,0.2134,0.0251,0.8227,1.0001,4853,5821
"286","GCKI","sigma",0.8992,0.0382,0.8277,0.9777,1,7988,7808
"287","GRCA","Intercept",-0.4956,0.0941,-0.6808,-0.3101,0.9999,5865,6759
"288","GRCA","hu_Intercept",0.3846,0.2643,-0.1484,0.8795,0.9999,6343,7061
"289","GRCA","Adult",-0.0339,0.0057,-0.0462,-0.0237,1.0003,3179,4810
"290","GRCA","hu_Adult",-0.2358,0.0308,-0.3002,-0.1792,0.9999,5559,6995
"291","GRCA","STA_sd(Intercept)",0.6511,0.0759,0.5111,0.812,1.0005,4510,6702
"292","GRCA","STA_sd(Ad",0.0276,0.0067,0.0165,0.0429,1.0007,1610,3651
"293","GRCA","STA_sd(hu_Intercept)",1.2057,0.2751,0.7007,1.7767,0.9999,4722,6047
"294","GRCA","STA_sd(hu_Ad",0.1142,0.03,0.0582,0.1771,1.0004,2754,3585
"295","GRCA","STA_cor(Intercept,Ad",-0.4687,0.1497,-0.7039,-0.1202,1.0008,2809,3875
"296","GRCA","STA_cor(hu_Intercept,hu_Ad",-0.5609,0.2678,-0.8839,0.1587,1.0009,2999,3417
"297","GRCA","year_sd(Intercept)",0.1113,0.0337,0.0478,0.1814,1.0002,5542,5090
"298","GRCA","year_sd(hu_Intercept)",0.3274,0.1515,0.0373,0.633,1.0004,4944,5033
"299","GRCA","sigma",0.6624,0.0159,0.6319,0.6947,1.0001,5935,7244
"300","HAFL","Intercept",0.4845,0.1691,0.1508,0.8217,1.0005,5650,6092
"301","HAFL","hu_Intercept",0.067,0.2759,-0.4754,0.6239,1.0001,7215,6931
"302","HAFL","Adult",-0.2996,0.0361,-0.374,-0.2317,1.0002,6249,7262
"303","HAFL","hu_Adult",-0.0755,0.0581,-0.1955,0.0311,1,7735,7392
"304","HAFL","STA_sd(Intercept)",0.6502,0.1423,0.4152,0.9793,1.0003,4881,6432
"305","HAFL","STA_sd(Ad",0.129,0.0318,0.0745,0.2012,1.0008,5171,6272
"306","HAFL","STA_sd(hu_Intercept)",0.8332,0.2881,0.3362,1.4728,1.0004,5623,6472
"307","HAFL","STA_sd(hu_Ad",0.088,0.065,0.0033,0.2442,1.0001,4649,6381
"308","HAFL","STA_cor(Intercept,Ad",-0.9541,0.0654,-0.9991,-0.7811,1,5849,6335
"309","HAFL","STA_cor(hu_Intercept,hu_Ad",-0.3598,0.536,-0.9768,0.8552,1,6517,6906
"310","HAFL","year_sd(Intercept)",0.1273,0.0729,0.0076,0.2805,1.0006,4532,5277
"311","HAFL","year_sd(hu_Intercept)",0.2428,0.166,0.0112,0.6178,1.0002,5067,5616
"312","HAFL","sigma",0.6003,0.0354,0.5358,0.6746,1.0008,7171,7197
"313","HETH","Intercept",0.3033,0.0927,0.1201,0.4831,1.0002,7121,7525
"314","HETH","hu_Intercept",0.5007,0.1914,0.134,0.8801,1.0002,6889,6904
"315","HETH","Adult",-0.2215,0.0266,-0.2756,-0.1719,1.0005,6785,7132
"316","HETH","hu_Adult",-0.243,0.0566,-0.3612,-0.1396,1.0006,5953,6851
"317","HETH","STA_sd(Intercept)",0.372,0.0821,0.2224,0.553,1.0006,5919,7155
"318","HETH","STA_sd(Ad",0.1104,0.0222,0.0718,0.1593,1.0002,4356,6244
"319","HETH","STA_sd(hu_Intercept)",0.6969,0.2188,0.2817,1.1609,1.0001,4641,5671
"320","HETH","STA_sd(hu_Ad",0.1692,0.0794,0.0195,0.3329,1.0017,2089,3214
"321","HETH","STA_cor(Intercept,Ad",-0.7767,0.1436,-0.9671,-0.4196,1.0004,3914,4566
"322","HETH","STA_cor(hu_Intercept,hu_Ad",-0.2045,0.4705,-0.8525,0.8606,1.0007,2959,4452
"323","HETH","year_sd(Intercept)",0.0752,0.0494,0.0036,0.1862,1.0002,5299,6106
"324","HETH","year_sd(hu_Intercept)",0.2103,0.1394,0.0101,0.5102,1.0003,5284,6483
"325","HETH","sigma",0.5999,0.0256,0.552,0.6526,0.9998,6655,7550
"326","HEWA","Intercept",0.6935,0.1896,0.3104,1.0615,1.0006,6641,7269
"327","HEWA","hu_Intercept",-0.646,0.2965,-1.2407,-0.0673,0.9998,7803,7832
"328","HEWA","Adult",-0.1449,0.025,-0.1981,-0.1008,1.0004,6653,7536
"329","HEWA","hu_Adult",-0.1803,0.0815,-0.3602,-0.0432,1.0003,6580,6467
"330","HEWA","STA_sd(Intercept)",0.7475,0.1587,0.4823,1.1015,1.0003,5729,6464
"331","HEWA","STA_sd(Ad",0.066,0.0252,0.0192,0.1204,1.0007,4888,4268
"332","HEWA","STA_sd(hu_Intercept)",0.5287,0.338,0.0303,1.2764,1.0007,5232,6981
"333","HEWA","STA_sd(hu_Ad",0.2175,0.1029,0.0445,0.4435,1.0001,3542,4916
"334","HEWA","STA_cor(Intercept,Ad",-0.6716,0.2844,-0.968,0.0951,1.0002,6449,6776
"335","HEWA","STA_cor(hu_Intercept,hu_Ad",-0.0964,0.5068,-0.8865,0.9085,1.0012,2935,4485
"336","HEWA","year_sd(Intercept)",0.168,0.0834,0.0172,0.3367,1.0002,4443,6516
"337","HEWA","year_sd(hu_Intercept)",0.6701,0.2126,0.2732,1.12,0.9998,5907,6154
"338","HEWA","sigma",0.8728,0.0372,0.8028,0.948,0.9998,7315,7307
"339","HOFI","Intercept",0.1784,0.1484,-0.1139,0.4644,1.0001,5749,7412
"340","HOFI","hu_Intercept",1.2275,0.253,0.7608,1.7638,1.0004,7325,7935
"341","HOFI","Adult",-0.0757,0.0251,-0.1317,-0.0338,1.0008,3839,6755
"342","HOFI","hu_Adult",-0.5365,0.1076,-0.7723,-0.3495,1,7365,6439
"343","HOFI","STA_sd(Intercept)",0.4756,0.1573,0.1676,0.8011,1.0017,4423,4380
"344","HOFI","STA_sd(Ad",0.0625,0.0281,0.0101,0.1211,1.0016,2299,2933
"345","HOFI","STA_sd(hu_Intercept)",0.2414,0.1924,0.0108,0.718,1,7509,7718
"346","HOFI","STA_sd(hu_Ad",0.3574,0.1051,0.1936,0.5996,0.9999,5122,6472
"347","HOFI","STA_cor(Intercept,Ad",-0.1561,0.364,-0.7053,0.7193,1.0009,3465,4269
"348","HOFI","STA_cor(hu_Intercept,hu_Ad",-0.1171,0.5597,-0.9569,0.9248,1.0027,1466,3506
"349","HOFI","year_sd(Intercept)",0.1148,0.0805,0.0057,0.2992,0.9999,6084,6754
"350","HOFI","year_sd(hu_Intercept)",0.4406,0.2354,0.0327,0.9352,1.0002,5283,5984
"351","HOFI","sigma",0.7822,0.0451,0.7,0.8756,1.0001,5822,7728
"352","HOWA","Intercept",-0.1498,0.1465,-0.4494,0.1289,1.0003,6090,7501
"353","HOWA","hu_Intercept",1.002,0.25,0.5254,1.5259,1.0008,6958,7631
"354","HOWA","Adult",-0.1165,0.0236,-0.1658,-0.0726,1.0009,4024,5868
"355","HOWA","hu_Adult",-0.3856,0.0854,-0.5731,-0.2383,1.001,6372,7073
"356","HOWA","STA_sd(Intercept)",0.4862,0.1409,0.2156,0.7747,1.0009,3832,4047
"357","HOWA","STA_sd(Ad",0.0818,0.0221,0.0413,0.1285,1.002,2751,3438
"358","HOWA","STA_sd(hu_Intercept)",0.3088,0.2388,0.0119,0.8867,1.0002,6043,7424
"359","HOWA","STA_sd(hu_Ad",0.2632,0.0821,0.1288,0.4522,1.0025,3425,5281
"360","HOWA","STA_cor(Intercept,Ad",-0.7746,0.1907,-0.9596,-0.3035,1.0019,3460,3307
"361","HOWA","STA_cor(hu_Intercept,hu_Ad",-0.0289,0.5519,-0.9408,0.9392,1.0029,1265,3095
"362","HOWA","year_sd(Intercept)",0.2431,0.0677,0.1215,0.3892,1.0003,5873,6694
"363","HOWA","year_sd(hu_Intercept)",0.2414,0.1626,0.0118,0.6114,0.9999,5986,6872
"364","HOWA","sigma",0.6724,0.0344,0.6094,0.7462,1.0001,6113,6587
"365","HOWR","Intercept",0.3398,0.0881,0.1629,0.5102,1.0001,6828,7214
"366","HOWR","hu_Intercept",0.0986,0.2253,-0.3461,0.5434,1.0004,5680,6991
"367","HOWR","Adult",-0.1168,0.0124,-0.1419,-0.0935,1,6367,6966
"368","HOWR","hu_Adult",-0.4308,0.0749,-0.5958,-0.3002,1.0009,3362,4965
"369","HOWR","STA_sd(Intercept)",0.5848,0.0715,0.4568,0.7356,1.0008,6067,7479
"370","HOWR","STA_sd(Ad",0.0629,0.0108,0.0434,0.0859,1.0009,4078,5953
"371","HOWR","STA_sd(hu_Intercept)",1.0442,0.2235,0.6373,1.5103,1.0005,6100,6811
"372","HOWR","STA_sd(hu_Ad",0.2309,0.083,0.0693,0.409,1.0007,2028,2414
"373","HOWR","STA_cor(Intercept,Ad",-0.5106,0.144,-0.743,-0.1886,1.0003,5032,6665
"374","HOWR","STA_cor(hu_Intercept,hu_Ad",-0.3265,0.2855,-0.7482,0.3688,1,4807,4540
"375","HOWR","year_sd(Intercept)",0.0701,0.039,0.0046,0.1515,1.0012,5037,6512
"376","HOWR","year_sd(hu_Intercept)",0.2981,0.1477,0.0253,0.6027,1.0005,4637,5756
"377","HOWR","sigma",0.6947,0.0188,0.6588,0.7328,1.0005,7681,7615
"378","INBU","Intercept",-0.6743,0.1247,-0.9238,-0.4359,1,7174,7223
"379","INBU","hu_Intercept",1.0295,0.1687,0.7073,1.3724,1.0006,7844,7931
"380","INBU","Adult",-0.0886,0.0125,-0.1139,-0.0653,1.0002,4913,6425
"381","INBU","hu_Adult",-0.1039,0.0172,-0.1401,-0.0734,1.0007,6587,6774
"382","INBU","STA_sd(Intercept)",0.5559,0.1135,0.3396,0.7856,1.001,5649,6219
"383","INBU","STA_sd(Ad",0.0488,0.0113,0.0282,0.0724,1.0019,3438,4688
"384","INBU","STA_sd(hu_Intercept)",0.2845,0.2127,0.0115,0.795,0.9997,4721,6649
"385","INBU","STA_sd(hu_Ad",0.039,0.0216,0.0037,0.0888,1.0001,3273,5153
"386","INBU","STA_cor(Intercept,Ad",-0.8656,0.1123,-0.9836,-0.5945,1.0006,4089,5405
"387","INBU","STA_cor(hu_Intercept,hu_Ad",-0.4231,0.5438,-0.9876,0.8574,1.0012,3637,5984
"388","INBU","year_sd(Intercept)",0.0706,0.0494,0.0032,0.182,1,5854,6786
"389","INBU","year_sd(hu_Intercept)",0.2413,0.1286,0.0183,0.5073,1.0007,5341,5638
"390","INBU","sigma",0.6393,0.0286,0.5862,0.6976,1.0003,7370,7557
"391","KEWA","Intercept",-0.007,0.0733,-0.1539,0.1353,1,7886,7717
"392","KEWA","hu_Intercept",0.2472,0.2839,-0.3387,0.7812,1.0004,5048,7451
"393","KEWA","Adult",-0.1019,0.0121,-0.1267,-0.0794,1.0001,5743,7225
"394","KEWA","hu_Adult",-0.2618,0.0503,-0.366,-0.1724,1.0002,4342,6551
"395","KEWA","STA_sd(Intercept)",0.1194,0.0806,0.0062,0.2969,1.0005,4206,6148
"396","KEWA","STA_sd(Ad",0.0518,0.0108,0.0335,0.0757,1.0012,1787,4344
"397","KEWA","STA_sd(hu_Intercept)",1.1046,0.3832,0.3044,1.8625,1.0005,2876,2110
"398","KEWA","STA_sd(hu_Ad",0.1803,0.0552,0.0781,0.2975,1.0008,2631,2586
"399","KEWA","STA_cor(Intercept,Ad",-0.3733,0.4793,-0.9689,0.777,1.0044,744,1460
"400","KEWA","STA_cor(hu_Intercept,hu_Ad",-0.568,0.2886,-0.8919,0.2442,1.0005,3503,2651
"401","KEWA","year_sd(Intercept)",0.0831,0.05,0.0048,0.1889,1.001,5021,5938
"402","KEWA","year_sd(hu_Intercept)",0.1958,0.1346,0.0082,0.5034,1.0009,5193,6443
"403","KEWA","sigma",0.6896,0.0236,0.6449,0.7374,1.0007,7292,7765
"404","LAZB","Intercept",-0.2257,0.1665,-0.5566,0.0997,1.0006,7208,7582
"405","LAZB","hu_Intercept",0.7405,0.2649,0.2252,1.2694,1.0001,7978,7593
"406","LAZB","Adult",-0.1011,0.0206,-0.143,-0.0629,1.0005,6908,7687
"407","LAZB","hu_Adult",-0.2263,0.0473,-0.3299,-0.1439,1.0007,6617,7036
"408","LAZB","STA_sd(Intercept)",0.6556,0.138,0.4273,0.9624,1.0003,6511,7074
"409","LAZB","STA_sd(Ad",0.0727,0.0178,0.0439,0.1132,1.0005,5089,6377
"410","LAZB","STA_sd(hu_Intercept)",0.6073,0.3004,0.0664,1.2335,1.0002,4726,4057
"411","LAZB","STA_sd(hu_Ad",0.0998,0.0611,0.0063,0.2348,1.0008,3434,6422
"412","LAZB","STA_cor(Intercept,Ad",-0.748,0.1515,-0.9372,-0.3598,1.0014,6296,7497
"413","LAZB","STA_cor(hu_Intercept,hu_Ad",0.2088,0.4862,-0.7589,0.9633,1.0002,5525,6370
"414","LAZB","year_sd(Intercept)",0.1231,0.0724,0.0072,0.2715,1.0003,5042,6516
"415","LAZB","year_sd(hu_Intercept)",0.4316,0.2203,0.0351,0.8926,1.0006,4866,5849
"416","LAZB","sigma",0.6634,0.0338,0.6001,0.7327,1,7013,7712
"417","LEGO","Intercept",-0.1377,0.1669,-0.4636,0.187,0.9999,7828,7623
"418","LEGO","hu_Intercept",0.5264,0.2253,0.093,0.9838,1.0006,6910,7212
"419","LEGO","Adult",-0.0668,0.0238,-0.1166,-0.0224,1.001,6853,7279
"420","LEGO","hu_Adult",-0.2079,0.058,-0.3355,-0.1097,1.0001,6878,7305
"421","LEGO","STA_sd(Intercept)",0.6126,0.1488,0.3609,0.937,1.0002,5802,6026
"422","LEGO","STA_sd(Ad",0.0766,0.0221,0.0413,0.1256,1.0003,5511,6845
"423","LEGO","STA_sd(hu_Intercept)",0.3526,0.257,0.0159,0.9471,0.9997,5806,7105
"424","LEGO","STA_sd(hu_Ad",0.1545,0.0628,0.0576,0.3043,1.0006,4507,5463
"425","LEGO","STA_cor(Intercept,Ad",-0.2288,0.3157,-0.732,0.4764,1.0003,5330,6254
"426","LEGO","STA_cor(hu_Intercept,hu_Ad",-0.0912,0.5158,-0.899,0.9174,1.0005,3011,4847
"427","LEGO","year_sd(Intercept)",0.1912,0.0865,0.0214,0.3671,1.0001,4907,5543
"428","LEGO","year_sd(hu_Intercept)",0.2388,0.1629,0.0097,0.6075,1.0002,6491,6603
"429","LEGO","sigma",0.7122,0.0411,0.6367,0.7969,1,6774,7196
"430","LISP","Intercept",-0.0725,0.1105,-0.2936,0.141,1.0004,6238,7600
"431","LISP","hu_Intercept",0.5817,0.2429,0.0791,1.0591,1.0001,6276,7108
"432","LISP","Adult",-0.0952,0.0166,-0.1295,-0.0654,1.0005,4931,5870
"433","LISP","hu_Adult",-0.3555,0.0577,-0.4798,-0.2521,1.0002,4245,5916
"434","LISP","STA_sd(Intercept)",0.3772,0.1091,0.1515,0.5915,1.0002,4153,3509
"435","LISP","STA_sd(Ad",0.0641,0.0143,0.0394,0.0946,1.0012,2829,4774
"436","LISP","STA_sd(hu_Intercept)",0.4765,0.3074,0.0273,1.1614,1.0007,4108,5917
"437","LISP","STA_sd(hu_Ad",0.1519,0.0603,0.0405,0.2845,1.0004,2210,2720
"438","LISP","STA_cor(Intercept,Ad",-0.6535,0.1963,-0.8973,-0.173,1.0001,3144,2973
"439","LISP","STA_cor(hu_Intercept,hu_Ad",-0.1167,0.5123,-0.8854,0.8994,1.0006,1975,3615
"440","LISP","year_sd(Intercept)",0.1536,0.0525,0.0499,0.261,1.0001,4885,4405
"441","LISP","year_sd(hu_Intercept)",0.3627,0.1856,0.0294,0.7466,1.0005,4573,4620
"442","LISP","sigma",0.6837,0.0242,0.6382,0.7332,1.0008,7273,7672
"443","LOWA","Intercept",0.6804,0.1094,0.4591,0.8925,1.0013,6974,7495
"444","LOWA","hu_Intercept",0.2838,0.2739,-0.2713,0.8171,1.0005,7759,7581
"445","LOWA","Adult",-0.2356,0.0339,-0.3097,-0.1768,1.0013,4840,6605
"446","LOWA","hu_Adult",-0.6446,0.1592,-0.9992,-0.3746,0.9999,6691,6589
"447","LOWA","STA_sd(Intercept)",0.3508,0.113,0.1387,0.5886,1.0011,5351,4919
"448","LOWA","STA_sd(Ad",0.0836,0.0336,0.0257,0.1589,1.0012,3163,4981
"449","LOWA","STA_sd(hu_Intercept)",0.4216,0.3047,0.0175,1.1282,1.0004,5540,7026
"450","LOWA","STA_sd(hu_Ad",0.4418,0.1873,0.1282,0.8658,1,2964,4676
"451","LOWA","STA_cor(Intercept,Ad",0.3896,0.3715,-0.3633,0.9668,1.001,3531,4389
"452","LOWA","STA_cor(hu_Intercept,hu_Ad",-0.1691,0.5397,-0.9379,0.9217,1.0006,1968,4220
"453","LOWA","year_sd(Intercept)",0.0666,0.0471,0.0028,0.1751,1.0002,6160,6143
"454","LOWA","year_sd(hu_Intercept)",0.2737,0.1851,0.014,0.7001,1.0004,5648,6520
"455","LOWA","sigma",0.6272,0.0283,0.575,0.6846,1.0001,7826,7476
"456","MGWA","Intercept",-0.1312,0.1022,-0.3394,0.0673,1.0009,6076,6865
"457","MGWA","hu_Intercept",-0.1629,0.2588,-0.6637,0.3407,1.0008,6223,7295
"458","MGWA","Adult",-0.085,0.0096,-0.1041,-0.0668,1.0008,3985,6551
"459","MGWA","hu_Adult",-0.1601,0.0265,-0.2154,-0.113,1.0004,4324,6209
"460","MGWA","STA_sd(Intercept)",0.6347,0.0745,0.4993,0.7897,1.0013,5180,7285
"461","MGWA","STA_sd(Ad",0.0604,0.0087,0.0445,0.0786,1.003,1898,3892
"462","MGWA","STA_sd(hu_Intercept)",1.0992,0.2334,0.6822,1.5963,1,3913,6953
"463","MGWA","STA_sd(hu_Ad",0.1057,0.0391,0.0268,0.182,1.0028,1347,1546
"464","MGWA","STA_cor(Intercept,Ad",-0.6435,0.0981,-0.7973,-0.4195,1.002,2599,4351
"465","MGWA","STA_cor(hu_Intercept,hu_Ad",-0.3899,0.3392,-0.8032,0.5653,1.0008,1797,2370
"466","MGWA","year_sd(Intercept)",0.2429,0.0464,0.1662,0.3458,1.0001,5425,6983
"467","MGWA","year_sd(hu_Intercept)",0.7665,0.1511,0.5127,1.1125,1.0005,5154,6898
"468","MGWA","sigma",0.6561,0.0154,0.6266,0.6866,1.0004,7377,7444
"469","MOCH","Intercept",0.5337,0.1033,0.3283,0.733,1.0008,8000,7671
"470","MOCH","hu_Intercept",-0.2219,0.2301,-0.6911,0.2034,1,7542,7692
"471","MOCH","Adult",-0.16,0.0256,-0.214,-0.1133,1.0005,6550,6694
"472","MOCH","hu_Adult",-0.2058,0.0546,-0.3246,-0.1095,1.0003,7502,7324
"473","MOCH","STA_sd(Intercept)",0.1629,0.1033,0.008,0.3863,1,5449,6336
"474","MOCH","STA_sd(Ad",0.0618,0.0213,0.0269,0.11,1.0025,3892,6107
"475","MOCH","STA_sd(hu_Intercept)",0.6002,0.248,0.1104,1.1106,1.0002,4565,4434
"476","MOCH","STA_sd(hu_Ad",0.1142,0.0691,0.0071,0.2689,1.0007,4141,6405
"477","MOCH","STA_cor(Intercept,Ad",-0.1963,0.516,-0.9241,0.8972,1.0021,2643,4256
"478","MOCH","STA_cor(hu_Intercept,hu_Ad",-0.4438,0.4787,-0.9751,0.7914,0.9998,5907,6981
"479","MOCH","year_sd(Intercept)",0.2674,0.0642,0.1532,0.4075,0.9999,6560,7137
"480","MOCH","year_sd(hu_Intercept)",0.4582,0.1751,0.1118,0.8257,1.001,5084,5068
"481","MOCH","sigma",0.7628,0.0302,0.7058,0.825,1.0004,8084,7561
"482","NAWA","Intercept",0.6591,0.1542,0.3528,0.9634,1.0002,6497,7168
"483","NAWA","hu_Intercept",-0.1919,0.3432,-0.8909,0.4711,1.0001,7200,7810
"484","NAWA","Adult",-0.1296,0.0238,-0.1815,-0.0867,0.9999,6550,6892
"485","NAWA","hu_Adult",-0.3462,0.1064,-0.5792,-0.1613,1.0006,5921,5977
"486","NAWA","STA_sd(Intercept)",0.5912,0.1327,0.3643,0.8822,0.9998,6322,7236
"487","NAWA","STA_sd(Ad",0.0659,0.0262,0.0213,0.1262,1.0004,4755,6093
"488","NAWA","STA_sd(hu_Intercept)",1.1509,0.3813,0.4594,1.9742,1.0007,4771,4145
"489","NAWA","STA_sd(hu_Ad",0.3477,0.1345,0.1163,0.6488,1.0002,3439,3510
"490","NAWA","STA_cor(Intercept,Ad",0.3272,0.3935,-0.4592,0.9569,1.0003,5259,6178
"491","NAWA","STA_cor(hu_Intercept,hu_Ad",-0.3167,0.345,-0.8134,0.5263,1.001,4228,4831
"492","NAWA","year_sd(Intercept)",0.2655,0.0794,0.1134,0.4316,1.0008,5362,5648
"493","NAWA","year_sd(hu_Intercept)",0.4702,0.2013,0.0772,0.8818,1.0002,5148,5112
"494","NAWA","sigma",0.8526,0.0352,0.7852,0.9242,1.0002,7969,7718
"495","NOCA","Intercept",-0.1134,0.0684,-0.2467,0.0197,1.0006,4621,6468
"496","NOCA","hu_Intercept",0.1412,0.1755,-0.2015,0.4811,0.9999,5489,6956
"497","NOCA","Adult",-0.0982,0.0104,-0.1187,-0.0787,1.0042,2298,4260
"498","NOCA","hu_Adult",-0.2183,0.0264,-0.272,-0.1689,1.0007,3552,6403
"499","NOCA","STA_sd(Intercept)",0.2595,0.0783,0.087,0.4012,1.0024,1100,739
"500","NOCA","STA_sd(Ad",0.0489,0.0097,0.0309,0.0687,1.0089,813,2372
"501","NOCA","STA_sd(hu_Intercept)",0.7284,0.2182,0.2986,1.1582,1.0006,2358,4337
"502","NOCA","STA_sd(hu_Ad",0.125,0.0434,0.0384,0.2096,1.0023,1050,1294
"503","NOCA","STA_cor(Intercept,Ad",-0.1319,0.3468,-0.6244,0.7472,1.01,505,762
"504","NOCA","STA_cor(hu_Intercept,hu_Ad",-0.3924,0.4004,-0.8477,0.7255,1.0014,1326,1630
"505","NOCA","year_sd(Intercept)",0.1651,0.0363,0.1033,0.2436,1.0003,5890,7216
"506","NOCA","year_sd(hu_Intercept)",0.4139,0.1088,0.2195,0.6469,1.0004,4999,6582
"507","NOCA","sigma",0.7145,0.015,0.6859,0.7445,0.9998,6005,7683
"508","OCWA","Intercept",0.1791,0.1182,-0.0508,0.4121,1.0004,5483,6978
"509","OCWA","hu_Intercept",0.2769,0.2688,-0.2517,0.7947,1,6938,7691
"510","OCWA","Adult",-0.0941,0.0152,-0.1267,-0.0665,1.0005,4891,5395
"511","OCWA","hu_Adult",-0.3511,0.0647,-0.4921,-0.2401,1.001,4776,6039
"512","OCWA","STA_sd(Intercept)",0.6366,0.1007,0.4591,0.8495,1.0001,5192,6919
"513","OCWA","STA_sd(Ad",0.0663,0.0145,0.0413,0.0983,1.0002,2939,4953
"514","OCWA","STA_sd(hu_Intercept)",0.9952,0.2923,0.4782,1.6239,1.0004,5056,6241
"515","OCWA","STA_sd(hu_Ad",0.1645,0.0674,0.0349,0.3063,1.0034,2486,3053
"516","OCWA","STA_cor(Intercept,Ad",-0.5561,0.1629,-0.806,-0.1701,1.0003,3871,6377
"517","OCWA","STA_cor(hu_Intercept,hu_Ad",0.0386,0.4566,-0.7154,0.924,1.0018,3210,4984
"518","OCWA","year_sd(Intercept)",0.0846,0.0521,0.0043,0.1954,1.0002,5048,5483
"519","OCWA","year_sd(hu_Intercept)",0.3245,0.1721,0.0248,0.6813,1.0007,4306,4732
"520","OCWA","sigma",0.7484,0.0248,0.7017,0.799,0.9999,7792,7371
"521","ORJU","Intercept",0.3117,0.1178,0.0816,0.5444,0.9999,6957,7597
"522","ORJU","hu_Intercept",-0.5408,0.3039,-1.1606,0.0425,1.0002,7332,7258
"523","ORJU","Adult",-0.073,0.0115,-0.0968,-0.0518,1.0003,4670,6232
"524","ORJU","hu_Adult",-0.273,0.0447,-0.3716,-0.1926,1.0004,5933,6882
"525","ORJU","STA_sd(Intercept)",0.7005,0.0828,0.5515,0.878,1.0002,5610,6710
"526","ORJU","STA_sd(Ad",0.0543,0.012,0.0321,0.0788,1,2762,3529
"527","ORJU","STA_sd(hu_Intercept)",1.2798,0.2608,0.8165,1.8393,1,5817,6974
"528","ORJU","STA_sd(hu_Ad",0.1238,0.0532,0.0158,0.2275,1.001,2779,3574
"529","ORJU","STA_cor(Intercept,Ad",-0.4302,0.1543,-0.6808,-0.0836,1.0003,3896,5637
"530","ORJU","STA_cor(hu_Intercept,hu_Ad",-0.4547,0.3632,-0.8909,0.5632,1.0005,5195,4319
"531","ORJU","year_sd(Intercept)",0.2784,0.052,0.1915,0.3975,1.0005,5871,7356
"532","ORJU","year_sd(hu_Intercept)",0.6216,0.164,0.3365,0.9816,1.0004,5925,6674
"533","ORJU","sigma",0.7716,0.0182,0.7361,0.8074,1.0002,6488,7137
"534","OVEN","Intercept",0.2227,0.0752,0.073,0.3659,1.0001,7320,6992
"535","OVEN","hu_Intercept",0.2618,0.1882,-0.1156,0.6263,1.0003,6963,7288
"536","OVEN","Adult",-0.171,0.0152,-0.2024,-0.1424,1.0006,4876,6619
"537","OVEN","hu_Adult",-0.2657,0.0366,-0.3423,-0.1987,1.0007,6176,7496
"538","OVEN","STA_sd(Intercept)",0.3882,0.0712,0.2547,0.5359,1.0003,5457,6491
"539","OVEN","STA_sd(Ad",0.0863,0.013,0.0624,0.1136,1.0019,2027,4022
"540","OVEN","STA_sd(hu_Intercept)",0.9245,0.1983,0.5551,1.3245,0.9999,5461,7034
"541","OVEN","STA_sd(hu_Ad",0.0926,0.0499,0.0075,0.1978,1.0029,2136,4327
"542","OVEN","STA_cor(Intercept,Ad",-0.5406,0.1519,-0.7713,-0.1879,1.0011,2192,4118
"543","OVEN","STA_cor(hu_Intercept,hu_Ad",0.2173,0.436,-0.6089,0.9505,1.0004,5127,6516
"544","OVEN","year_sd(Intercept)",0.0757,0.0394,0.006,0.1558,1,4831,5849
"545","OVEN","year_sd(hu_Intercept)",0.1272,0.0908,0.0056,0.3358,1.0003,6352,6532
"546","OVEN","sigma",0.6675,0.0177,0.6342,0.7036,1.0002,7314,8013
"547","PABU","Intercept",-0.6956,0.1591,-1.0024,-0.3795,1.0004,3963,6063
"548","PABU","hu_Intercept",0.6948,0.2741,0.1552,1.2514,1,6847,7655
"549","PABU","Adult",-0.0475,0.0195,-0.0906,-0.0148,1.0017,2307,4093
"550","PABU","hu_Adult",-0.1631,0.0329,-0.2327,-0.1029,1.0005,6261,6723
"551","PABU","STA_sd(Intercept)",0.2755,0.1665,0.0154,0.6355,1.0016,3052,5820
"552","PABU","STA_sd(Ad",0.0375,0.0201,0.0063,0.084,1.0036,1387,2887
"553","PABU","STA_sd(hu_Intercept)",0.3645,0.27,0.0143,1.0134,1.0003,5676,6467
"554","PABU","STA_sd(hu_Ad",0.0766,0.0382,0.0086,0.1619,1.0009,3282,3780
"555","PABU","STA_cor(Intercept,Ad",-0.5044,0.4893,-0.9886,0.7858,1.0029,1739,4276
"556","PABU","STA_cor(hu_Intercept,hu_Ad",-0.158,0.5572,-0.9616,0.9146,1.0009,2813,5323
"557","PABU","year_sd(Intercept)",0.2383,0.0864,0.0646,0.4162,1.001,4736,3664
"558","PABU","year_sd(hu_Intercept)",0.4875,0.2115,0.0773,0.9295,1.0002,5144,4775
"559","PABU","sigma",0.8546,0.0448,0.7717,0.9466,1.001,4535,6951
"560","PUFI","Intercept",-0.154,0.1351,-0.424,0.1043,1,6484,7278
"561","PUFI","hu_Intercept",0.4657,0.1875,0.1062,0.8433,1.0002,7432,7440
"562","PUFI","Adult",-0.0706,0.0151,-0.1018,-0.0423,1.0008,5226,6099
"563","PUFI","hu_Adult",-0.1747,0.0397,-0.2624,-0.1081,1.0003,5124,6200
"564","PUFI","STA_sd(Intercept)",0.5714,0.113,0.3721,0.8209,1.0001,5548,6971
"565","PUFI","STA_sd(Ad",0.0558,0.0133,0.0344,0.0868,1.0008,4313,5779
"566","PUFI","STA_sd(hu_Intercept)",0.4094,0.2238,0.0329,0.8741,1.0002,4932,5316
"567","PUFI","STA_sd(hu_Ad",0.1071,0.0468,0.0293,0.212,1.0027,3163,4432
"568","PUFI","STA_cor(Intercept,Ad",-0.5942,0.1877,-0.872,-0.1589,1.0008,5210,6607
"569","PUFI","STA_cor(hu_Intercept,hu_Ad",0.0545,0.4918,-0.794,0.9408,1.0013,2589,4877
"570","PUFI","year_sd(Intercept)",0.2191,0.0711,0.0791,0.3671,1.0005,4917,4858
"571","PUFI","year_sd(hu_Intercept)",0.197,0.1334,0.0095,0.4895,0.9999,5800,6140
"572","PUFI","sigma",0.7575,0.0313,0.6993,0.8226,1.0002,7273,7453
"573","RBNU","Intercept",0.9168,0.1456,0.6354,1.2051,1.0001,6167,7538
"574","RBNU","hu_Intercept",0.1534,0.2984,-0.4538,0.7256,1.0001,6729,7365
"575","RBNU","Adult",-0.3296,0.0676,-0.4731,-0.2083,1.0004,5418,6846
"576","RBNU","hu_Adult",-0.5735,0.195,-0.9958,-0.2231,1.0001,6178,6596
"577","RBNU","STA_sd(Intercept)",0.4192,0.1617,0.1094,0.7486,1,3746,3633
"578","RBNU","STA_sd(Ad",0.1934,0.0641,0.089,0.338,0.9998,3571,5808
"579","RBNU","STA_sd(hu_Intercept)",0.6217,0.3824,0.0347,1.464,1.0002,4929,6864
"580","RBNU","STA_sd(hu_Ad",0.6344,0.2667,0.1602,1.2282,1.0007,2467,3190
"581","RBNU","STA_cor(Intercept,Ad",-0.4008,0.3858,-0.8822,0.6427,1.0003,2913,2981
"582","RBNU","STA_cor(hu_Intercept,hu_Ad",-0.1753,0.4869,-0.9002,0.8657,1.0006,2133,3792
"583","RBNU","year_sd(Intercept)",0.1625,0.0767,0.0166,0.3188,1.0008,4712,5495
"584","RBNU","year_sd(hu_Intercept)",0.5377,0.2325,0.081,1.0106,1.0003,4510,4223
"585","RBNU","sigma",0.7214,0.0369,0.6536,0.7995,1.0001,6267,7071
"586","RBSA","Intercept",0.3052,0.0982,0.1187,0.506,1.0003,7779,7546
"587","RBSA","hu_Intercept",0.7128,0.2213,0.2714,1.1481,0.9998,8395,7805
"588","RBSA","Adult",-0.2123,0.0269,-0.2685,-0.1628,1.0001,7542,7520
"589","RBSA","hu_Adult",-0.4357,0.0658,-0.5697,-0.3116,1,7877,6805
"590","RBSA","STA_sd(Intercept)",0.2931,0.0905,0.126,0.482,0.9998,6571,6572
"591","RBSA","STA_sd(Ad",0.0867,0.0216,0.0494,0.1342,0.9999,6506,6876
"592","RBSA","STA_sd(hu_Intercept)",0.3973,0.2365,0.0254,0.9219,1.0007,5027,6438
"593","RBSA","STA_sd(hu_Ad",0.0959,0.0692,0.0039,0.2616,0.9999,5196,6748
"594","RBSA","STA_cor(Intercept,Ad",-0.9301,0.0874,-0.9984,-0.7214,1.0004,6887,6539
"595","RBSA","STA_cor(hu_Intercept,hu_Ad",-0.2592,0.5628,-0.9737,0.9035,1.0009,7048,6888
"596","RBSA","year_sd(Intercept)",0.0851,0.0517,0.0048,0.1952,1.0012,5245,6486
"597","RBSA","year_sd(hu_Intercept)",0.3998,0.1698,0.0704,0.7501,1.0029,4813,5032
"598","RBSA","sigma",0.6305,0.0247,0.5837,0.6804,0.9999,7745,7576
"599","REVI","Intercept",-0.263,0.1188,-0.5124,-0.0364,1.0011,6088,6355
"600","REVI","hu_Intercept",0.8022,0.2201,0.3802,1.2435,1.0006,7626,7431
"601","REVI","Adult",-0.1338,0.0187,-0.1742,-0.1006,1.0016,4200,5925
"602","REVI","hu_Adult",-0.1161,0.0342,-0.1884,-0.0555,1.0003,6126,7173
"603","REVI","STA_sd(Intercept)",0.312,0.1478,0.0288,0.6027,1.0001,2675,3520
"604","REVI","STA_sd(Ad",0.054,0.0178,0.024,0.093,1.0006,2109,2783
"605","REVI","STA_sd(hu_Intercept)",0.2133,0.1677,0.0083,0.6113,1.0005,6526,5956
"606","REVI","STA_sd(hu_Ad",0.0822,0.033,0.0246,0.1556,1.001,3098,3855
"607","REVI","STA_cor(Intercept,Ad",-0.6838,0.3583,-0.9875,0.4757,1.0003,1986,1493
"608","REVI","STA_cor(hu_Intercept,hu_Ad",-0.2408,0.5593,-0.9773,0.896,1.0006,1896,4326
"609","REVI","year_sd(Intercept)",0.1061,0.0675,0.0058,0.2527,1.0007,4801,5468
"610","REVI","year_sd(hu_Intercept)",0.4875,0.1709,0.1508,0.8347,1.0004,5412,4796
"611","REVI","sigma",0.617,0.0371,0.548,0.6934,1.0002,5571,6817
"612","SOSP","Intercept",0.2881,0.0596,0.1705,0.4032,1.0006,6948,7226
"613","SOSP","hu_Intercept",-0.2179,0.2181,-0.6498,0.2026,1.0002,6749,7252
"614","SOSP","Adult",-0.0566,0.0061,-0.0692,-0.0451,1.0012,4423,6371
"615","SOSP","hu_Adult",-0.4797,0.0577,-0.6028,-0.3773,1.001,4681,6528
"616","SOSP","STA_sd(Intercept)",0.4794,0.0477,0.3907,0.5773,1.0002,5066,6561
"617","SOSP","STA_sd(Ad",0.0425,0.0064,0.0308,0.0559,1.0018,2106,4138
"618","SOSP","STA_sd(hu_Intercept)",1.1113,0.2015,0.7354,1.5251,1.0005,5806,6963
"619","SOSP","STA_sd(hu_Ad",0.2384,0.0451,0.158,0.334,1.0021,3579,5261
"620","SOSP","STA_cor(Intercept,Ad",-0.1459,0.1507,-0.4064,0.1857,1.0017,1807,3593
"621","SOSP","STA_cor(hu_Intercept,hu_Ad",-0.4388,0.1994,-0.7432,0.0284,1.0005,3389,4878
"622","SOSP","year_sd(Intercept)",0.1442,0.0284,0.0968,0.2092,1.0005,5336,6526
"623","SOSP","year_sd(hu_Intercept)",0.4609,0.1326,0.2142,0.7405,1.0018,5124,5074
"624","SOSP","sigma",0.6854,0.011,0.6642,0.7075,1.0002,7108,7532
"625","SPTO","Intercept",0.4565,0.1084,0.2418,0.667,0.9998,7391,7539
"626","SPTO","hu_Intercept",-0.2496,0.2814,-0.8116,0.2759,1.0002,7500,7522
"627","SPTO","Adult",-0.1728,0.0207,-0.2158,-0.1355,1.0002,5565,6813
"628","SPTO","hu_Adult",-0.3003,0.0693,-0.4474,-0.1745,1.0004,5626,7035
"629","SPTO","STA_sd(Intercept)",0.537,0.0927,0.3689,0.7307,0.9998,5853,6713
"630","SPTO","STA_sd(Ad",0.1009,0.0191,0.067,0.1415,1.0006,3266,5441
"631","SPTO","STA_sd(hu_Intercept)",1.2099,0.3382,0.586,1.9161,1.0002,3931,5810
"632","SPTO","STA_sd(hu_Ad",0.2719,0.0902,0.0907,0.4562,1.0007,2113,2000
"633","SPTO","STA_cor(Intercept,Ad",-0.3561,0.1956,-0.6683,0.087,1.0004,3275,4981
"634","SPTO","STA_cor(hu_Intercept,hu_Ad",-0.5569,0.2996,-0.8895,0.3263,1.0003,2821,2893
"635","SPTO","year_sd(Intercept)",0.1613,0.0507,0.0686,0.2699,0.9999,4852,6000
"636","SPTO","year_sd(hu_Intercept)",0.2267,0.1512,0.0108,0.5599,0.9999,5528,6522
"637","SPTO","sigma",0.6596,0.0207,0.6197,0.7009,0.9998,6979,7081
"638","SWTH","Intercept",-0.8176,0.1024,-1.0208,-0.6208,1.0002,6264,7074
"639","SWTH","hu_Intercept",0.0781,0.2318,-0.3763,0.5318,1.0005,5435,6641
"640","SWTH","Adult",-0.055,0.0085,-0.0723,-0.0391,1.0004,3470,5989
"641","SWTH","hu_Adult",-0.0992,0.0173,-0.1363,-0.0682,1.0009,4164,5856
"642","SWTH","STA_sd(Intercept)",0.6035,0.0859,0.4477,0.7835,1.0004,5413,6933
"643","SWTH","STA_sd(Ad",0.0498,0.0085,0.0341,0.0682,1.001,1554,3286
"644","SWTH","STA_sd(hu_Intercept)",1.0103,0.2418,0.5865,1.5339,1.0008,4016,6079
"645","SWTH","STA_sd(hu_Ad",0.049,0.0213,0.0078,0.0923,1.0026,1614,2528
"646","SWTH","STA_cor(Intercept,Ad",-0.6649,0.1071,-0.8323,-0.414,1.0006,1930,4313
"647","SWTH","STA_cor(hu_Intercept,hu_Ad",-0.1792,0.4528,-0.8024,0.8601,1.0019,2460,3876
"648","SWTH","year_sd(Intercept)",0.0936,0.0392,0.0137,0.1742,1,3894,3432
"649","SWTH","year_sd(hu_Intercept)",0.1986,0.1144,0.013,0.4395,0.9999,5389,5936
"650","SWTH","sigma",0.6545,0.0173,0.6216,0.6892,0.9998,7039,7256
"651","TUTI","Intercept",0.8541,0.0569,0.7412,0.9633,1.0005,7860,7779
"652","TUTI","hu_Intercept",0.4065,0.1617,0.0909,0.7261,1.0008,7177,7325
"653","TUTI","Adult",-0.2601,0.0204,-0.2996,-0.2212,1.0004,6180,7058
"654","TUTI","hu_Adult",-0.7138,0.0872,-0.8938,-0.5518,1.0006,5655,6478
"655","TUTI","STA_sd(Intercept)",0.2549,0.0646,0.1164,0.3759,1.0002,3989,3186
"656","TUTI","STA_sd(Ad",0.1033,0.0178,0.0707,0.14,1.0005,2668,4363
"657","TUTI","STA_sd(hu_Intercept)",0.4693,0.2324,0.0379,0.9027,1.0013,2925,4520
"658","TUTI","STA_sd(hu_Ad",0.3847,0.0782,0.2468,0.553,1.0023,3153,5146
"659","TUTI","STA_cor(Intercept,Ad",-0.37,0.2489,-0.7188,0.2516,1.0006,2151,1899
"660","TUTI","STA_cor(hu_Intercept,hu_Ad",-0.224,0.3891,-0.7838,0.736,1.0037,1473,1835
"661","TUTI","year_sd(Intercept)",0.0837,0.0409,0.0085,0.1688,1.0013,4007,4859
"662","TUTI","year_sd(hu_Intercept)",0.3894,0.1175,0.1744,0.6433,1.0007,5169,6007
"663","TUTI","sigma",0.6605,0.0174,0.6276,0.6952,1,6975,7602
"664","VEER","Intercept",-0.3562,0.1128,-0.5871,-0.1356,1.0006,7102,7557
"665","VEER","hu_Intercept",0.1658,0.2084,-0.2438,0.5743,0.9999,8275,7163
"666","VEER","Adult",-0.1132,0.0168,-0.1488,-0.0826,1.0007,5493,6985
"667","VEER","hu_Adult",-0.1235,0.0299,-0.1851,-0.0662,1.0003,7539,7444
"668","VEER","STA_sd(Intercept)",0.4241,0.1013,0.2292,0.6293,1.0002,5904,6164
"669","VEER","STA_sd(Ad",0.0638,0.0157,0.0354,0.0974,1.0007,3872,5216
"670","VEER","STA_sd(hu_Intercept)",0.355,0.2302,0.0169,0.8544,1.0012,4035,6130
"671","VEER","STA_sd(hu_Ad",0.0778,0.0355,0.0088,0.1501,1.0033,1942,3689
"672","VEER","STA_cor(Intercept,Ad",-0.8903,0.1158,-0.9958,-0.5839,1.0014,3327,4561
"673","VEER","STA_cor(hu_Intercept,hu_Ad",0.0449,0.5347,-0.8808,0.9487,1.0043,1751,2789
"674","VEER","year_sd(Intercept)",0.1329,0.0582,0.0189,0.2488,1.0001,4183,4536
"675","VEER","year_sd(hu_Intercept)",0.2265,0.1522,0.0101,0.5657,1.0001,5210,6526
"676","VEER","sigma",0.6336,0.0257,0.5864,0.6854,0.9998,7593,7606
"677","WAVI","Intercept",-0.4506,0.1609,-0.7656,-0.1415,1,6326,7502
"678","WAVI","hu_Intercept",0.654,0.1922,0.2884,1.0369,1.0006,7979,7702
"679","WAVI","Adult",-0.1071,0.0182,-0.1449,-0.0733,1.0001,5645,6854
"680","WAVI","hu_Adult",-0.1008,0.0178,-0.1369,-0.0675,1.0005,7294,7085
"681","WAVI","STA_sd(Intercept)",0.7192,0.1251,0.5004,0.9908,1.0003,5721,7005
"682","WAVI","STA_sd(Ad",0.0785,0.0155,0.0514,0.1121,1.0001,4447,6385
"683","WAVI","STA_sd(hu_Intercept)",0.2312,0.1563,0.0098,0.5779,1.0003,6138,6932
"684","WAVI","STA_sd(hu_Ad",0.0347,0.0196,0.0028,0.0767,1,3671,5420
"685","WAVI","STA_cor(Intercept,Ad",-0.8494,0.0892,-0.9601,-0.6289,0.9997,5461,6664
"686","WAVI","STA_cor(hu_Intercept,hu_Ad",-0.1047,0.5735,-0.9594,0.9251,1.0006,4083,5857
"687","WAVI","year_sd(Intercept)",0.2437,0.0672,0.1238,0.39,1,5644,5895
"688","WAVI","year_sd(hu_Intercept)",0.5896,0.1455,0.3365,0.907,1,5922,7253
"689","WAVI","sigma",0.6628,0.0283,0.6099,0.7205,0.9999,7478,7588
"690","WEFL","Intercept",0.4538,0.117,0.2247,0.6853,0.9999,6596,7421
"691","WEFL","hu_Intercept",-0.165,0.2586,-0.6657,0.346,1.0002,7540,7709
"692","WEFL","Adult",-0.2123,0.0227,-0.2583,-0.1693,0.9997,6084,6909
"693","WEFL","hu_Adult",-0.2347,0.0589,-0.3591,-0.1291,1,6296,6901
"694","WEFL","STA_sd(Intercept)",0.6473,0.093,0.4842,0.8471,1.0009,6278,7103
"695","WEFL","STA_sd(Ad",0.1228,0.0184,0.0903,0.1625,1.0011,4249,6579
"696","WEFL","STA_sd(hu_Intercept)",1.1441,0.2481,0.6996,1.6867,1,6043,7006
"697","WEFL","STA_sd(hu_Ad",0.2092,0.0608,0.1064,0.3437,1.0001,4350,6251
"698","WEFL","STA_cor(Intercept,Ad",-0.6804,0.106,-0.8435,-0.4324,1.0015,4417,6640
"699","WEFL","STA_cor(hu_Intercept,hu_Ad",-0.0813,0.2933,-0.6036,0.5212,0.9998,4528,6315
"700","WEFL","year_sd(Intercept)",0.1838,0.0481,0.1003,0.2881,1.0001,6106,7006
"701","WEFL","year_sd(hu_Intercept)",0.3965,0.1544,0.0868,0.7138,1.0008,4276,4434
"702","WEFL","sigma",0.6554,0.0211,0.6152,0.6988,1.0001,7609,7262
"703","WETA","Intercept",-0.0518,0.1434,-0.3355,0.2295,1.0006,5795,6988
"704","WETA","hu_Intercept",0.2839,0.2918,-0.2979,0.8753,1.0002,6848,7233
"705","WETA","Adult",-0.0826,0.0165,-0.1185,-0.0543,0.9999,4851,5532
"706","WETA","hu_Adult",-0.2133,0.0592,-0.3452,-0.1132,1.0004,5002,6154
"707","WETA","STA_sd(Intercept)",0.5619,0.1089,0.378,0.8049,1.0004,5547,7063
"708","WETA","STA_sd(Ad",0.0354,0.0187,0.0036,0.0778,1.0007,2919,3705
"709","WETA","STA_sd(hu_Intercept)",0.9659,0.2714,0.4807,1.5285,1.0006,5206,5673
"710","WETA","STA_sd(hu_Ad",0.1644,0.0633,0.0712,0.313,1.0015,3187,5291
"711","WETA","STA_cor(Intercept,Ad",-0.5655,0.3478,-0.9663,0.4047,0.9999,5672,5490
"712","WETA","STA_cor(hu_Intercept,hu_Ad",-0.4438,0.2863,-0.8851,0.2144,1.0004,5571,6040
"713","WETA","year_sd(Intercept)",0.2357,0.0757,0.0853,0.3895,0.9997,5040,3930
"714","WETA","year_sd(hu_Intercept)",0.6408,0.1901,0.2917,1.0488,1.0002,5229,5204
"715","WETA","sigma",0.7686,0.0341,0.7062,0.8381,1.0004,7554,7435
"716","WEVI","Intercept",-0.3203,0.1174,-0.5541,-0.0909,0.9999,5562,6860
"717","WEVI","hu_Intercept",0.4352,0.2027,0.0367,0.8294,1.0003,7636,7621
"718","WEVI","Adult",-0.0798,0.0127,-0.106,-0.0566,1.0006,4135,5548
"719","WEVI","hu_Adult",-0.207,0.031,-0.2725,-0.151,1.0004,5284,7064
"720","WEVI","STA_sd(Intercept)",0.7228,0.1007,0.5428,0.9376,1.0001,4861,6463
"721","WEVI","STA_sd(Ad",0.0686,0.0108,0.0498,0.0914,1.0006,3057,5454
"722","WEVI","STA_sd(hu_Intercept)",0.709,0.2804,0.1568,1.2738,1.0017,3679,3382
"723","WEVI","STA_sd(hu_Ad",0.0906,0.0391,0.0154,0.1696,1.0021,1619,2825
"724","WEVI","STA_cor(Intercept,Ad",-0.6342,0.0974,-0.7933,-0.4162,1.0003,3566,5414
"725","WEVI","STA_cor(hu_Intercept,hu_Ad",-0.2487,0.4892,-0.8892,0.8688,1.0022,1868,3593
"726","WEVI","year_sd(Intercept)",0.16,0.0536,0.0612,0.2733,1.0008,4931,5199
"727","WEVI","year_sd(hu_Intercept)",0.3216,0.1585,0.0295,0.6457,1.0008,4155,4206
"728","WEVI","sigma",0.6502,0.0219,0.6084,0.6943,1.0002,6691,7238
"729","WEWP","Intercept",0.0894,0.1155,-0.1408,0.3118,1.0001,7307,7540
"730","WEWP","hu_Intercept",0.5088,0.2278,0.0667,0.9498,1.0001,7187,6970
"731","WEWP","Adult",-0.1988,0.0201,-0.2433,-0.164,1,6154,6342
"732","WEWP","hu_Adult",-0.1179,0.0418,-0.2047,-0.0385,1.0001,7820,7417
"733","WEWP","STA_sd(Intercept)",0.3263,0.1028,0.1467,0.5538,1.0003,5958,6520
"734","WEWP","STA_sd(Ad",0.0312,0.0232,0.0014,0.0868,0.9998,3739,5612
"735","WEWP","STA_sd(hu_Intercept)",0.2145,0.1631,0.0088,0.6066,1.0005,6917,7197
"736","WEWP","STA_sd(hu_Ad",0.0682,0.0418,0.0039,0.1636,0.9999,4865,6366
"737","WEWP","STA_cor(Intercept,Ad",-0.2896,0.5287,-0.9495,0.8737,0.9997,6551,7519
"738","WEWP","STA_cor(hu_Intercept,hu_Ad",-0.1045,0.5678,-0.9574,0.9262,0.9998,5457,6465
"739","WEWP","year_sd(Intercept)",0.0886,0.0606,0.0046,0.2252,1.0002,5665,7233
"740","WEWP","year_sd(hu_Intercept)",0.5355,0.1877,0.173,0.9305,1.0007,5000,4671
"741","WEWP","sigma",0.5658,0.0311,0.5092,0.6299,1.0006,8649,7614
"742","WIWA","Intercept",0.2001,0.103,-0.0061,0.3995,1.0003,7535,7729
"743","WIWA","hu_Intercept",-0.3375,0.2785,-0.9027,0.1846,1.0008,5915,7471
"744","WIWA","Adult",-0.1014,0.0126,-0.1276,-0.0778,1.0008,3727,5373
"745","WIWA","hu_Adult",-0.207,0.042,-0.2958,-0.1328,1.0002,4240,6017
"746","WIWA","STA_sd(Intercept)",0.5828,0.0811,0.4362,0.7581,1.0004,5920,7060
"747","WIWA","STA_sd(Ad",0.0785,0.0121,0.0566,0.1037,1.0011,2172,4112
"748","WIWA","STA_sd(hu_Intercept)",0.9194,0.2806,0.3878,1.5091,1.0005,4341,4514
"749","WIWA","STA_sd(hu_Ad",0.1534,0.0447,0.0758,0.2504,1.0007,2533,4354
"750","WIWA","STA_cor(Intercept,Ad",-0.3874,0.1541,-0.653,-0.0471,1.0006,1700,2969
"751","WIWA","STA_cor(hu_Intercept,hu_Ad",-0.0568,0.3765,-0.6343,0.8106,1.002,2003,2514
"752","WIWA","year_sd(Intercept)",0.2206,0.0467,0.1422,0.3251,1.0005,5807,6942
"753","WIWA","year_sd(hu_Intercept)",0.6594,0.1563,0.3915,0.9967,1.0001,6220,7516
"754","WIWA","sigma",0.7093,0.0186,0.6736,0.7481,1.0001,8039,7761
"755","WOTH","Intercept",-0.0191,0.0689,-0.156,0.1112,1.0005,5674,7186
"756","WOTH","hu_Intercept",0.5456,0.1271,0.2969,0.793,1.0003,7637,7682
"757","WOTH","Adult",-0.1481,0.0137,-0.1763,-0.1226,1.0006,5145,6812
"758","WOTH","hu_Adult",-0.2346,0.0283,-0.2938,-0.1831,1,6707,7520
"759","WOTH","STA_sd(Intercept)",0.338,0.0743,0.1897,0.4844,1.0009,4316,4423
"760","WOTH","STA_sd(Ad",0.0825,0.012,0.0605,0.1077,1.0007,3580,4889
"761","WOTH","STA_sd(hu_Intercept)",0.2661,0.1738,0.0123,0.6483,1.0002,3175,5472
"762","WOTH","STA_sd(hu_Ad",0.1065,0.0288,0.0519,0.1657,1.0014,2239,5398
"763","WOTH","STA_cor(Intercept,Ad",-0.7732,0.1076,-0.9318,-0.5137,1.0031,2363,2762
"764","WOTH","STA_cor(hu_Intercept,hu_Ad",0.1645,0.4996,-0.8086,0.9539,1.0013,990,1192
"765","WOTH","year_sd(Intercept)",0.0363,0.0275,0.0015,0.1036,1,6398,6841
"766","WOTH","year_sd(hu_Intercept)",0.1293,0.0886,0.0061,0.3284,0.9999,6325,6608
"767","WOTH","sigma",0.6507,0.0185,0.6153,0.6885,1,7049,7437
"768","WREN","Intercept",0.6631,0.1427,0.3812,0.9466,1,7210,7426
"769","WREN","hu_Intercept",-0.504,0.4648,-1.4452,0.3711,1.0002,6282,7325
"770","WREN","Adult",-0.1134,0.0227,-0.1621,-0.0728,1.0005,6119,6614
"771","WREN","hu_Adult",-0.4918,0.1539,-0.8316,-0.2262,1.0006,6257,7100
"772","WREN","STA_sd(Intercept)",0.6535,0.1181,0.451,0.9103,1.0013,5650,7167
"773","WREN","STA_sd(Ad",0.0825,0.0248,0.0426,0.14,1.0016,3638,5386
"774","WREN","STA_sd(hu_Intercept)",1.4492,0.4167,0.7688,2.385,1.0002,6264,7410
"775","WREN","STA_sd(hu_Ad",0.5158,0.1593,0.2685,0.886,1.0002,4552,6760
"776","WREN","STA_cor(Intercept,Ad",-0.3836,0.2153,-0.7259,0.1015,1.0012,5323,6922
"777","WREN","STA_cor(hu_Intercept,hu_Ad",-0.6093,0.2051,-0.9038,-0.1074,1.0005,5528,6671
"778","WREN","year_sd(Intercept)",0.183,0.0475,0.0978,0.2858,1.0006,6441,6536
"779","WREN","year_sd(hu_Intercept)",0.5474,0.2409,0.0759,1.0542,1.0007,5268,5046
"780","WREN","sigma",0.6032,0.0234,0.5597,0.6516,1.0001,7598,7167
"781","YBCH","Intercept",-0.4073,0.0995,-0.609,-0.2143,1.0004,6014,7453
"782","YBCH","hu_Intercept",0.7855,0.1993,0.3861,1.1679,0.9998,7535,6950
"783","YBCH","Adult",-0.0876,0.0118,-0.1117,-0.0656,1.0009,4424,6331
"784","YBCH","hu_Adult",-0.2026,0.0304,-0.2651,-0.1467,1,6101,6778
"785","YBCH","STA_sd(Intercept)",0.3933,0.1048,0.1829,0.6017,0.9998,4079,4040
"786","YBCH","STA_sd(Ad",0.0533,0.0102,0.0358,0.0755,1.0006,2430,4922
"787","YBCH","STA_sd(hu_Intercept)",0.4428,0.2966,0.02,1.1084,1.0005,3743,5357
"788","YBCH","STA_sd(hu_Ad",0.1194,0.0302,0.0682,0.1891,1.0006,2690,4877
"789","YBCH","STA_cor(Intercept,Ad",-0.654,0.1605,-0.8796,-0.2651,1.0011,2364,4024
"790","YBCH","STA_cor(hu_Intercept,hu_Ad",-0.3656,0.4543,-0.952,0.7941,1.0035,1089,1721
"791","YBCH","year_sd(Intercept)",0.0578,0.041,0.0024,0.1512,1.0004,5546,6546
"792","YBCH","year_sd(hu_Intercept)",0.227,0.1406,0.0126,0.5288,1.0002,4943,5722
"793","YBCH","sigma",0.6236,0.0221,0.582,0.668,1,7378,7038
"794","YEWA","Intercept",-0.3607,0.0824,-0.523,-0.202,0.9998,6950,6946
"795","YEWA","hu_Intercept",0.3907,0.1564,0.0688,0.6925,0.9999,6447,7266
"796","YEWA","Adult",-0.048,0.0073,-0.0637,-0.0349,1.0002,2684,4934
"797","YEWA","hu_Adult",-0.2197,0.025,-0.2719,-0.174,0.9999,5697,7306
"798","YEWA","STA_sd(Intercept)",0.5339,0.0711,0.4041,0.6823,1,5265,6883
"799","YEWA","STA_sd(Ad",0.038,0.0075,0.0246,0.0543,1.0008,1463,2810
"800","YEWA","STA_sd(hu_Intercept)",0.5535,0.2164,0.0884,0.9652,1.0012,3719,3024
"801","YEWA","STA_sd(hu_Ad",0.1009,0.0224,0.0637,0.1501,1.0001,3965,5934
"802","YEWA","STA_cor(Intercept,Ad",-0.5192,0.1406,-0.7368,-0.197,1.0008,1749,3861
"803","YEWA","STA_cor(hu_Intercept,hu_Ad",-0.2343,0.3535,-0.7471,0.6416,1.0004,2241,2905
"804","YEWA","year_sd(Intercept)",0.1022,0.0417,0.0175,0.1876,0.9999,4383,4283
"805","YEWA","year_sd(hu_Intercept)",0.2178,0.1179,0.0152,0.4589,1.0003,4814,6246
"806","YEWA","sigma",0.7791,0.0182,0.7441,0.8156,1.0006,7526,7335
